ATC4,sales_2019,sales_2020,sales_2021,sales_2022,sales_2023,contribution_2023,YoY,known_inn_count,eligible_competitive
-,484814.92,414945.55,383617.32,250652.4,257279.58,0.0003031182393022,0.0264397228991224,1,False
A01A B Antiinfectives and antiseptics for local oral treatment,2456952.25,2347332.62,1831294.29,1294409.05,1321935.22,0.00155746008431,0.0212654338286648,6,True
A01A D Other agents for local oral treatment,5006605.58,4752738.609999999,5066652.86,3605050.57,4093407.57,0.0048227165769042,0.1354646739393727,16,True
A02A B Aluminium compounds,978239.75,931609.25,717150.02,531138.0800000001,650038.65,0.0007658539051813,0.2238599988914369,2,False
"A02A D Combinations and complexes of aluminium, calcium and magnesium compounds",1627477.83,1475547.97,1486924.9,1316622.39,1325931.85,0.0015621687807745,0.0070707137222543,5,True
A02A F Antacids with antiflatulents,136706.77000000002,116383.06,133862.93,126210.41999999998,120111.47,0.000141511336836,-0.0483236645595505,2,False
"A02A X Antacids, other combinations",21.37,0.0,0.0,0.0,0.0,0.0,,1,False
A02B A H2-receptor antagonists,10310743.04,9242801.7,8120083.56,7145838.74,7032031.710000001,0.0082849057459316,-0.0159263361714204,2,False
A02B B Prostaglandins,3.01,3.52,4192.77,30713.67,45334.11,5.341113975518455e-05,0.4760238681994044,1,False
A02B C Proton pump inhibitors,12484746.2,13115683.4,14802489.79,11469889.73,12685820.04,0.014946011007287,0.1060106364248369,7,True
A02B D Combinations for eradication of Helicobacter pylori,88904.08,81300.98999999999,87860.07,63230.94000000001,71493.59,8.423136854544766e-05,0.130674160466379,2,False
A02B X Other drugs for treatment of peptic ulcer and gastro-oesophageal rephlux disease,1397083.88,1321411.02,1442955.67,1233921.49,1375765.28,0.0016208808696235,0.1149536588425896,8,True
A02X OTHER DRUGS FOR ACID RELATED DISORDERS,1725348.52,1492854.57,1265866.99,971251.62,969208.62,0.0011418893423682,-0.0021034713949821,7,True
"A03A A Synthethic anthicholinergics, esters with tertiary amino group",1034976.36,1023768.07,1190388.93,1013830.99,1235090.29,0.0014551422778446,0.2182408134910138,2,False
"A03A B Synthetic anticholinergics, quaternary ammonium compounds",429944.92,196229.06,71303.11,77468.65000000001,89240.69,0.0001051404111702,0.1519587600919854,2,False
A03A D Papaverine and derivatives,10230268.61,9142796.66,8778688.96,7651791.28,7587431.56,0.0089392593663812,-0.0084110658073255,2,False
A03A X Other drugs for functional gastrointestinal disorders,2662479.49,2663089.11,2666313.33,2066793.24,2262930.23,0.0026661090902801,0.0948991830455183,10,True
"A03B A Belladonna alkaloids, tertiary amines",47422.95,36577.19,35510.119999999995,36325.72,18241.97,2.149208199035746e-05,-0.4978222042123321,1,False
"A03B B Belladonna alkaloids semisynthetic, quaternary ammonium compounds",67059.37,56593.780000000006,90273.99000000002,96576.09,70406.96,8.295113724075953e-05,-0.2709690359176894,1,False
A03D A Synthetic anticholinergic agents in combination with analgesics,8401640.45,8202044.62,8129238.79,6820836.659999999,7835907.65,0.0092320056267316,0.1488191318160081,3,True
A03D B Belladonna and derivatives in combinations with analgesics,324610.68000000005,277716.8,260718.94999999995,205088.18,208832.86,0.0002460399260277,0.0182588777178673,2,False
A03D C Other antispasmodics in combination with analgesics,29.28,56.73,16.89,0.0,0.0,0.0,,1,False
A03E D Antispasmodics in combination with other drugs,966442.81,952188.36,1017189.85,715527.63,685918.5900000001,0.0008081264564622,-0.0413807081076658,5,True
A03F A Propulsives,2070749.26,1852301.65,2075730.09,1576554.66,1769960.81,0.0020853089248715,0.122676463371083,4,True
A04A A Serotonin (5HT3) antagonists,310761.81,290042.49,378987.54,317135.86,458901.35,0.0005406622990656,0.447018164391753,3,True
A04A D Other antiemetics,1100296.3199999998,1082480.48,972747.37,775619.14,766280.3200000001,0.0009028059724381,-0.0120404713065744,2,False
A05A A Bile acids and derivatives,747351.75,772999.38,935891.56,715037.0900000001,895350.16,0.0010548717626878,0.2521730306325787,1,False
A05A X Other drugs for bile therapy,4662559.45,3903537.2,4072703.95,3207521.73,3228962.3,0.0038042559271489,0.0066844660160727,9,True
A05B A Liver therapy,7765545.71,7012730.56,7074392.66,5083958.21,5400991.07,0.0063632679423126,0.0623594543669547,15,True
A05C DRUGS FOR BILE THERAPY AND LIPOTROPICS IN COMBINATION,643.45,0.0,0.0,0.0,0.0,0.0,,1,False
"A06A A Softeners, emollients",403740.57,428033.88,422746.39,352809.9,351182.93,0.0004137520413186,-0.0046114635672072,2,False
A06A B Contact laxatives,8993196.899999999,7978904.029999999,7458089.45,5755226.850000001,6197728.300000001,0.0073019572325554,0.076886882399779,8,True
A06A C Bulk-forming laxatives,95004.37,87615.01999999999,90917.15,62949.35,70348.27,8.288199063586904e-05,0.1175376711594322,2,False
A06A D Osmotically acting laxatives,2128527.97,2072605.26,2231434.23,1669839.95,1908338.06,0.0022483403958475,0.1428269278142495,7,True
A06A G Enemas,705332.12,609184.09,724011.99,530519.6799999999,603440.92,0.0007109540103934,0.1374524692467584,4,True
A06A X Other drugs for constipation,817291.4500000001,842610.37,856104.8699999999,478537.62,381770.01,0.0004497887210854,-0.2022152615712846,2,False
A07A A Antibiotics,548370.7100000001,554301.22,606424.0000000001,434752.69,456067.98,0.0005373241168216,0.0490285408009782,3,True
A07A B Sulfonamides,1260890.43,988333.78,898721.7600000001,807037.5999999999,719213.34,0.0008473532229161,-0.1088230089899155,1,False
A07A X Other intestinal antiinfectives,2527603.66,1840174.19,1976045.34,1563746.81,1674622.1800000002,0.0019729841237229,0.0709036586300055,1,False
A07B A Charcoal preparations,13498148.49,9619497.79,7226461.859999999,8819587.810000002,5468696.71,0.0064430364742249,-0.3799373816767976,1,False
A07B C Others intestinal adsorbents,5391296.51,4832230.91,5162074.5600000005,3514401.24,4054223.88,0.0047765516573168,0.1536030188744186,4,True
A07C A Oral rehydration salt formulations,118666.31000000004,106446.7,128681.5,106766.58,101276.0,0.0001193200128963,-0.0514260173923338,1,False
A07D A Antipropulsives,6486538.380000001,5634051.29,5963944.200000001,5625779.569999999,5900209.890000001,0.0069514309428311,0.0487808518953403,2,False
A07E A Corticosteroids acting locally,4340.209999999999,4517.19,4022.8,2629.7700000000004,4471.950000000001,5.268702670642428e-06,0.7005099305262437,1,False
A07E C Aminosalicylic acid and similar agents,168996.74,189631.16,221325.62,181035.53,187202.31,0.0002205555318479,0.0340639210435653,2,False
A07E F Microbial anti-inflammatory drugs,24649.550000000003,20240.390000000003,25839.43,14504.15,15655.720000000005,1.8445048306629117e-05,0.0793958970363655,0,False
A07F A Antidiarrheal microorganisms,4244855.8100000005,4464301.47,5148976.11,3197372.51,3647039.35,0.004296820394522,0.1406363626989464,0,False
A07X A Other antidiarrheals,17650.38,12401.7,21825.75,12088.61,22634.6,2.6667332476642867e-05,0.8723906222468918,1,False
A08A B Peripherally acting antiobesity products,774.02,53.08,0.0,21.09,9884.88,1.1646036662972508e-05,467.6998577524893,1,False
A08A X Other antiobesity drugs,22661.469999999998,18849.71,13966.46,9603.989999999998,15346.49,1.8080723811309896e-05,0.59792856927173,0,False
A09A A Enzyme preparations,14098324.27,12632916.64,13127003.34,10899204.7,11290275.27,0.0133018266007753,0.0358806519158227,3,True
"A10A B Insulins and analogues for injection, fast-acting",955030.78,972270.17,1021683.88,824916.34,697583.58,0.0008218697594879,-0.154358392270421,4,True
"A10A C Insulins and analogues for injection, intermediate-acting",1108394.25,1047334.09,1048959.73,790674.7000000001,592634.1,0.0006982217747031,-0.2504703894028733,1,False
"A10A D Insulins and analogues for injection, intermediate- or long-acting combined with fast-acting",667772.04,635674.89,597879.4600000001,464075.12,392442.26,0.00046236241088,-0.1543561740607856,4,True
"A10A E Insulin and analogues for injection, long-acting",240040.23,296072.24,410725.6,462730.89,497339.18,0.0005859484712219,0.0747913976523158,5,True
A10B A Biguanides,7412666.13,8509919.790000001,9144338.97,7781225.970000001,7740349.95,0.0091194227245993,-0.0052531593552989,1,False
A10B B Sulfonylureas,4188473.69,4353740.08,4351010.54,3551076.08,3357098.79,0.003955222075489,-0.0546249321698565,4,True
A10B D Combinations of oral blood glucose lowering drugs,832046.97,837778.68,959499.39,889825.99,1027363.49,0.0012104054749009,0.1545667372561234,10,True
A10B F Alpha glucosidase inhibitors,47179.65000000001,41374.58,39014.5,27492.090000000004,24143.28,2.844480904618072e-05,-0.1218099460608489,1,False
A10B G Thiazolidinediones,37934.24,35736.79,42922.47,37137.90000000001,42813.23,5.044112283004696e-05,0.1528177414447233,1,False
A10B H Dipeptidyl peptidase 4 (DPP-4) inhibitors,24858.03,47751.08,77442.87,82197.92,112789.81,0.0001328852006771,0.3721735294518402,3,True
A10B J Glucagon-like peptide-1 (GLP-1) analogues,6506.429999999999,13150.659999999998,24442.570000000003,45904.28,66633.81,7.850573747516856e-05,0.4515816390105671,1,False
A10B K Sodium-glucose cotransporter 2 inhibitors,117305.89,150311.72999999998,221020.76,320484.55,664098.46,0.0007824187054353,1.0721699688799355,2,False
"A10B X Other blood glucose lowering drugs, excl. insulins",11757.990000000002,12344.57,12264.81,9114.96,8686.599999999999,1.0234263043818132e-05,-0.046995269315499,1,False
A11A A Multivitamins with minerals,735050.9299999999,689797.5,540610.29,306859.73000000004,182129.81,0.0002145792811526,-0.4064721037198332,0,False
"A11A B Multivitamins, other combinations",536467.88,597991.65,539799.02,331173.36,293233.13,0.0003454775154355,-0.1145630493950358,3,True
"A11B A Multivitamins, plain",1593812.64,2059991.22,1498495.54,670611.16,713253.57,0.0008403316202337,0.0635873849758179,5,True
"A11C A Vitamin A , plain",561171.46,488901.92,467250.91,307976.27,389299.45,0.0004586596567257,0.2640566430653897,1,False
A11C C Vitamin D ans analogues,687866.65,804673.49,802474.0,552606.7100000001,574280.78,0.0006765985038483,0.0392215107196218,3,True
"A11D A Vitamin B1, plain",560168.67,450524.56,488068.64,307229.3,308176.0,0.0003630827075946,0.0030814118314888,4,True
A11D B Vitamin B1 in combinations with vitamin B6 and/or vitamin B12,2799806.54,2692365.75,3036050.92,2398462.41,2612086.1,0.0030774729169641,0.0890669326770896,3,True
"A11E A Vitamin B-complex, plain",32289.970000000005,3494.9,1827.13,1378.7999999999995,453.7600000000001,5.346049315915222e-07,-0.6709022338265157,3,True
A11E B Vitamin B-complex with vitamin C,104497.87,13555.71,0.0,0.0,0.0,0.0,,1,False
A11E C Vitamin B-complex with minerals,1875423.31,1998820.56,2230586.5300000003,1860484.91,2006202.77,0.0023636413403882,0.0783225164669569,4,True
"A11G A Ascorbic acid (Vit. C), plain",17570450.63,23991058.98,21094194.45,14389464.34,14464870.4,0.0170420289374828,0.0052403660218529,2,False
"A11G B Ascorbic acid (vitamin C), combinations",87832.83000000002,147468.0,198622.84,126365.15,99212.36,0.000116888700923,-0.2148756203747632,2,False
A11H A Other plain vitamin preparations,1988568.93,1742190.64,1662045.37,1193869.34,1338612.42,0.0015771086063594,0.1212386273358858,5,True
A11J A Combinations of vitamins,1193111.85,991970.7099999998,917435.33,690492.56,750407.23,0.0008841048260312,0.0867709132159222,1,False
A11J B Vitamins with minerals,4238.049999999999,4485.3,3930.56,2221.1,1352.7,1.5937061243032705e-06,-0.3909774436090225,2,False
"A11J C Vitamins, other combinations",1038469.57,947113.97,1100596.33,646157.94,700475.8200000001,0.0008252773004068,0.0840628531160665,2,False
A12A A Calcium,2102027.62,1670923.15,1610621.2299999995,1126643.55,1187234.82,0.0013987605556443,0.0537803371794034,1,False
"A12A X Calcium, combinations with vitamin D and/or other drugs",970646.12,1011898.7,1145227.61,841830.47,892771.04,0.0010518331293328,0.060511672854987,2,False
A12B A Potassium,40104.58,32818.69,28393.74,23683.74,27876.37,3.284301145290453e-05,0.1770256724655818,1,False
A12C B Zinc,32986.16,62506.06999999999,62425.77,28766.45,24498.56,2.8863388119029447e-05,-0.1483634581256985,1,False
A12C C Magnesium,4056788.62,3723243.09,3694860.75,2956147.6100000003,3068205.5,0.0036148576151186,0.0379067302393603,5,True
A12C D Fluoride,3418.74,2967.75,3044.7,380.9,11.65,1.372564230659651e-08,-0.9694145444998687,1,False
A12C E Selenium,134576.11000000002,118116.95,113414.07,67992.48999999999,76678.84000000001,9.034045753860472e-05,0.127754550539332,1,False
A12C X Other mineral products,666986.2000000001,672520.56,703690.93,493062.38000000006,448233.2500000001,0.0005280934986629,-0.0909197939619728,1,False
A13A TONICS,1372140.32,1270186.03,1126815.05,925150.46,844640.53,0.0009951273641574,-0.0870236069492956,5,True
A14A B Estren derivatives,3882.74,3219.92,3332.7200000000003,443.6000000000001,8.42,9.920163795840568e-09,-0.9810189359783588,1,False
A14B OTHER ANABOLIC AGENTS,647467.41,602630.51,575822.4,417348.09,494545.18,0.0005826566734018,0.184970512264714,2,False
A15 APPETITE STIMULANTS,570456.6599999999,544778.52,520675.27,378859.34,426904.79,0.000502965016868,0.1268160631858776,5,True
A16A A Amino acids and derivates,715119.1,699125.84,1049472.17,707970.44,893719.11,0.0010529501138566,0.2623678327586671,4,True
A16A X Various alimentary tract and metabolism products,8615623.62,7223082.12,6532940.4,4174316.66,4368090.35,0.0051463386872957,0.0464204577139097,19,True
B01A A Vitamin K antagonists,453222.41,425625.41,449980.36,399627.69,341548.69,0.0004024013003627,-0.1453327721109616,3,True
B01A B Heparin group,601810.28,823374.8400000001,1222290.88,389016.95,285856.26,0.0003367863326919,-0.2651830209454884,7,True
B01A C Platelet aggregation inhibitors excl. heparin,11273158.99,13778747.37,18335643.01,14691535.77,13873754.31,0.0163455956316447,-0.0556634427334618,11,True
B01A D Enzymes,235107.03000000003,180107.36000000002,204755.62,112354.15,115863.58,0.000136506614201,0.0312354283308626,4,True
B01A E Direct thrombin inhibitors,89718.83,101724.8,138072.2,138693.26,122200.22000000002,0.0001439722325757,-0.1189173864685276,1,False
B01A F Direct factor Xa inhibitors,384313.44,610351.1299999999,1334411.38,1065294.88,1352323.24,0.0015932622382092,0.2694355951471388,3,True
B01A X Other antithrombotic agents,7240.5,13166.820000000002,17418.03,3787.02,1981.35,2.3343606338347635e-06,-0.4768049812253433,1,False
B02A A Amino acids,930795.36,773147.78,717340.7799999999,484365.61,448922.04,0.0005289050081191,-0.0731752404965332,2,False
B02A B Proteinase inhibitors,72569.79,52441.26,51701.380000000005,37977.41,37392.46,4.405455201061956e-05,-0.0154025774796121,2,False
B02B A Vitamin K,115572.02,96098.65,93928.05000000002,69245.30000000002,56835.12,6.696124700193044e-05,-0.1792205391557262,2,False
B02B B Fibrinogen,0.0,0.0,0.0,0.0,0.19,2.2385167710329075e-10,,0,False
B02B C Local hemostatics,16528.93,13845.94,15473.08,1644.28,11.31,1.3325065621253782e-08,-0.9931216094582432,0,False
B02B D Blood coagulation factors,64.51,46.95,82.78999999999999,41.01,58.62,6.906413321997318e-08,0.429407461594733,6,True
B02B X Other systemic hemostatics,870771.9099999999,795654.08,745876.73,540483.02,520959.13,0.0006137767102777,-0.0361230404611045,5,True
"B03A A Iron bivalent, oral preparations",147104.41,162277.93,205568.66000000003,166047.03000000003,208557.84,0.0002457159066159,0.2560166839479147,2,False
"B03A B Iron trivalent, oral preparations",208227.12,147431.36000000002,187388.66,191089.15,282221.29,0.0003325037320039,0.476909023877075,3,True
"B03A C Iron, parenteral preparations",155371.73,131192.97,168069.42,119313.82,140104.21,0.0001650661177775,0.174249638474403,4,True
B03A D Iron in combination with folic acid,176772.43000000002,193079.12,235344.54,178125.59000000003,180285.71,0.0002124066239013,0.012126949305824,2,False
B03A E Iron in other combinations,491399.84,488660.64,515263.62000000005,424029.04,611026.14,0.0007198906641734,0.441000691839408,4,True
B03B A Vitamin B12 (cyanocobalamin and analogues),822086.97,745387.7699999999,765509.23,551131.5,622737.7199999999,0.0007336888579867,0.1299258343970537,2,False
B03B B Folic acid and derivates,680272.62,604540.64,651759.0499999999,497128.68000000005,576503.77,0.0006792175566887,0.1596670906212853,1,False
B03X A Other antianemic preparations,14838.91,16512.940000000002,19298.85,14119.43,18949.97,2.2326224029247616e-05,0.3421200430895581,4,True
B05A A Plasma substitutes and plasma protein fractions,275468.89,295759.75,242405.68,120761.75,128893.17,0.000151857643535,0.06733440017224,10,True
B05B A Solutions for parenteral nutritions,2985423.99,2321841.3000000003,1928150.21,1172255.52,1036011.59,0.001220594378526,-0.1162237478736718,1,False
B05B B Solutions affecting the electrolyte balance,6586395.08,6110100.18,6612062.69,3355340.66,3075571.35,0.0036235358144649,-0.0833802997517395,14,True
B05B C Solutions producing osmotic diuresis,249213.54,225740.41,208033.94,146577.47,141704.84000000003,0.0001669519267771,-0.033242694119362,1,False
B05D A Isotonic solutions,0.0,1.32,0.0,0.0,0.0,0.0,,1,False
B05X A Electrolyte solutions,34356041.44,27346494.27,26372164.3,15420904.39,15962360.61,0.018806322068821,0.0351118330226545,7,True
B05X B Amino acids,4912460.970000001,3939964.57,5583974.26,3432834.14,3987565.51,0.004698016984067,0.1615957390822266,2,False
B05X C Vitamins,0.0,0.0,0.0,0.78,70.21,8.27190855232739e-08,89.0128205128205,0,False
B05Z B Hemofiltrates,0.0,2.5700000000000003,13.43,9.04,176.11,2.0748694134031866e-07,18.48119469026549,0,False
B06A A Enzymes,63370.810000000005,93944.97,187617.19,136635.13999999998,149795.67,0.0001764842734332,0.0963187800737059,3,True
C01A A Digitalis glycosides,804620.25,697624.5,618714.8899999999,482397.3500000001,468210.34,0.0005516298412952,-0.0294093862663219,2,False
C01A C Strophantus glycosides,22969.120000000003,15322.190000000002,11033.33,6298.17,5627.27,6.629862247437026e-06,-0.1065230058890123,1,False
C01A X Other cardiac glycosides,127196.41,96179.59,84764.09,52355.24999999999,46671.59,5.498691418198512e-05,-0.1085595045387042,1,False
"C01B A Antiarrhythmics, class Ia",1818.99,1415.09,51.99,0.0,0.0,0.0,,1,False
"C01B B Antiarrhythmics, class Ib",271104.13000000006,227460.44,232633.82,182064.49,221519.26,0.0002609866203246,0.2167076622135375,2,False
"C01B C Antiarrhythmics, class 1c",247596.82,279579.19,322858.64,330558.22000000003,328150.78,0.0003866163286618,-0.0072829530604321,3,True
"C01B D Antiarrhythmics, class III",1649620.4,1695814.11,1663548.66,1374112.95,1314967.72,0.0015492512076773,-0.043042480605397,2,False
C01C A Adrenergic and dopaminergic agents,155518.03,121061.63,133810.06000000003,90369.51,66887.2,7.880427314075383e-05,-0.2598477074845265,5,True
C01C X Other cardiac stimulants,5.509999999999999,0.29,3.53,7.179999999999999,34.81999999999999,4.102376524598201e-08,3.8495821727019495,1,False
C01D A Organic nitrates,2209688.49,2023149.84,1864298.47,1431713.71,1201308.41,0.0014153415910357,-0.160929729449891,3,True
C01D X Other vasodilators used in cardiac diseased,795512.3099999998,797815.2,868283.5399999999,776693.1000000001,822497.7099999998,0.0009690394305111,0.0589738855668986,2,False
C01E A Prostaglandins,5622.7,4335.21,3543.41,4204.799999999999,7452.47,8.780252147694533e-06,0.7723720509893459,1,False
C01E B Other cardiac preparations,27702245.36,23780530.89,21204812.53,15166467.81,11316263.01,0.0133324444912128,-0.2538629856492604,16,True
C01E X Other cardiac combination products,20776667.99,18369791.69,17649589.77,15404551.42,12940044.72,0.0152455300650714,-0.1599856193670326,13,True
C02A A Rauwolfia alkaloids,792424.21,660677.1100000001,576940.02,464156.35,388966.31000000006,0.000458267162264,-0.1619929146719633,1,False
C02A B Methyldopa,58653.92,65389.23,69686.60999999999,56766.52,60069.02,7.07713203629006e-05,0.0581768972274503,1,False
C02A C Imidazoline receptor agonists,602790.92,707711.3400000001,778019.1,702862.23,820697.76,0.0009669187893206,0.1676509634043075,3,True
C02B C Bisquaternary ammonium compounds,2423.91,4440.37,5102.94,3210.7200000000003,2989.17,3.521740619193914e-06,-0.0690032142323218,1,False
C02C A Alpha-adrenoceptor blocking agents,208024.03,202879.85,223641.1,208293.76,223500.58,0.0002633209456134,0.0730066037503958,2,False
C02L A Rauwolfia alkaloids and diuretics in combination,189276.61,172504.52000000002,155999.97999999998,124053.25,97143.2,0.0001144508854693,-0.2169233776624152,2,False
C02N COMBINATIONS OF ANTIHYPERTENZIVES IN ATC-GR. C02,21465.26,23077.620000000003,25000.73,21742.24,19247.26,2.267648121391097e-05,-0.1147526657786868,0,False
"C03A A Thiazides, plain",1124512.93,1136973.74,1002965.29,700168.36,698921.8300000001,0.0008234464411031,-0.0017803289483117,1,False
"C03B A Sulfonamides, plain",1482218.9,1448005.89,1458985.32,1265975.94,1254472.43,0.001477977670186,-0.0090866734797503,3,True
C03B X Other low-ceiling diuretics,617253.41,537604.14,464774.45,307973.91000000003,330710.57,0.0003896321880541,0.0738265783617839,5,True
"C03C A Sulfonamides, plain",3236940.7499999995,3067158.92,3106747.58,2477991.34,2705757.19,0.0031878330779778,0.0919155149266988,2,False
C03C C Aryloxyacetic acid derivatives,33.870000000000005,0.0,0.0,0.0,0.0,0.0,,1,False
C03D A Aldosterone antagonists,3309345.44,3414662.89,3573817.08,3056309.85,3573315.29,0.0042099611604491,0.1691600215207238,3,True
C03E A Low-ceiling diuretics and potassium-sparing agents,6036.26,273.46000000000004,0.0,0.0,0.0,0.0,,1,False
C04A A 2-amino-1-phenylethanol derivatives,61165.89,52149.11,59361.72,48059.8,56124.29,6.612377075121816e-05,0.1678011560597421,1,False
C04A C Nicotinic acid and derivatives,647238.3600000001,582171.69,569542.73,504910.8800000001,581728.88,0.0006853736074074,0.1521417007294432,1,False
C04A D Purine derivatives,1294662.4300000002,1044390.47,1130286.12,837004.4500000001,882473.4,0.0010397007925739,0.0543234268348273,2,False
C04A E Ergot alkaloids,357300.61,340489.22,390480.69,324258.3,353786.17,0.0004168190920549,0.091062803943646,1,False
C04A X Other peripheral vasodilators,1139990.04,1133653.65,1029913.25,809157.48,651202.72,0.0007672253737169,-0.1952089227427027,5,True
C05A A Corticosteroids,131771.96,140823.74000000002,173797.53000000003,150135.56,149721.51,0.0001763969005891,-0.0027578409805111,1,False
C05A D Local anesthetics,711267.53,653128.5800000001,734004.2799999999,566063.56,591022.4,0.0006963229233979,0.0440919390748275,3,True
C05A X Other agents for treatment of hemorrhoids and anal fissures for topical use,2602334.7,2459890.93,2651913.05,2178116.34,2181745.51,0.002570459954874,0.001666196581584,13,True
C05B A Heparins or heparinoids for topical use,1934167.82,1653411.65,1861400.52,1301336.63,1195494.18,0.001408491458738,-0.0813336438550877,5,True
C05B B Sclerosing agents for local injections,2199.69,1666.89,3339.3,2571.36,4001.980000000001,4.71499965649383e-06,0.5563670586771203,1,False
C05C A Bioflavonoids,5962178.57,5684876.44,6478014.89,5186777.34,5886183.95,0.006934906047084,0.1348441554655208,10,True
C05C X Other capillary stabilizing agents,2228646.25,1973733.6,2727312.68,1525038.79,1268976.85,0.001495066295146,-0.1679051980048324,7,True
"C07A A Beta blocking agents, non-selective",1548586.58,1468105.12,1464291.33,1297571.08,1182742.2000000002,0.0013934675002675,-0.0884952522215584,2,False
"C07A B Beta blocking agents, selective",12538224.61,13219177.22,14225423.47,12970949.87,13224200.83,0.0155803133376117,0.0195244729598202,6,True
C07A G Alpha and beta blocking agents,2634001.03,2773362.85,2940481.16,2578307.08,2660725.94,0.0031347787577959,0.0319662698983087,1,False
"C07B B Beta blocking agents, selective, and thiazides",31932.25,57672.02,87188.38,102964.09,120988.06,0.0001425441060024,0.1750510299270358,2,False
"C07C B Beta blocking agents, selective, and other diuretics",776769.53,699623.0900000001,643087.65,520186.34,507851.44,0.0005983336661227,-0.0237124642680928,1,False
C07F B Beta blocking agents and calcium channel blockers,122325.74,143807.08999999997,163428.9,155078.78999999998,154546.03,0.0001820809895008,-0.0034354149913085,1,False
"C07F X Beta blocking agents, other combinations",1147482.98,1132910.19,1187797.19,1005653.44,980105.84,0.0011547280843301,-0.0254039801226154,3,True
C08C A Dihydropyridine derivatives,9252669.92,8774550.69,8553263.65,7438871.05,7170046.41,0.0084475100725627,-0.0361378276613626,7,True
C08D A Phenylalkylamine derivatives,264809.63,244803.28,207422.54,173221.71,174665.78000000003,0.0002057854093976,0.0083365416494274,1,False
C08D B Benzothiazepine derivatives,154828.46,146044.89,133596.29,90307.52,1838.43,2.1659770459842253e-06,-0.979642559113571,1,False
C08G A Calcium channel blockers and diuretics,236837.26,257441.11,277632.13,271071.45,295553.26,0.0003482110153912,0.0903149704625847,2,False
"C09A A ACE inhibitors, plain",22146733.35,20696136.48,19180262.62,16261439.17,15386393.61,0.0181277369166834,-0.0538110772885547,9,True
"C09B A ACE inhibitors, and diuretics",12713917.32,12159387.92,12788950.76,11590622.65,11361873.320000002,0.0133861810406164,-0.0197357240337729,9,True
C09B B ACE inhibitors and calcium channel blockers,1664790.97,1559501.02,1659723.63,1550299.16,1529683.78,0.0018022225241615,-0.0132976786235244,6,True
"C09B X ACE inhibitors, other combinations",2477976.8,3256285.39,4236359.75,4549449.08,5433676.0600000005,0.0064017763098263,0.194359133260153,2,False
"C09C A Angiotensin II receptor blockers (ARBs), plain",4385076.59,4904998.04,4897366.29,4128596.4,4264175.34,0.0050239094806394,0.0328389909946149,7,True
C09D A Angiotensin II receptor blockers (ARBs) and diuretics,2582904.34,2644517.6,2878127.62,2653138.19,2767314.3200000003,0.0032603576400208,0.0430343698003912,7,True
C09D B Angiotensin II receptor blockers (ARBs) and calcium channel blockers,1102729.11,1225099.38,1458248.02,1388820.6800000002,1486692.53,0.0017515716640917,0.07047119286847,4,True
"C09D X Angiotensin II receptor blockers (ARBs), other combinations",125414.13,559839.88,917077.64,1060601.42,1344300.61,0.0015838102425235,0.2674889780932032,2,False
C10A A HMG CoA reductase inhibitors,5540763.46,5871118.86,6878375.85,6184558.86,7188479.55,0.0084692273846853,0.1623269682972989,4,True
C10A B Fibrates,25712.39,31303.9,44506.59,36337.24999999999,47895.33,5.642868392587134e-05,0.3180780053526344,1,False
C10A C Bile acid sequestrants,1502.6,1491.1800000000003,1543.91,1344.4500000000005,2402.56,2.8306162386383277e-06,0.7870207147904345,1,False
C10A X Other ilipid modifying agents,378303.29,397171.14,360993.1,238659.7,276242.73,0.0003254599915689,0.1574753927873033,3,True
C10B A HMG CoCombinations of various lipid modifying agents,1872.01,21434.9,54046.32,65969.25,67274.98000000001,7.926114263205445e-05,0.0197930096219074,1,False
C10B X Lipid modifying agents in combination with other drugs,80357.94,102185.77,144299.0,189243.59,257965.53,0.0003039264027649,0.3631401200960096,6,True
D01A A Antibiotics,155667.28999999998,140845.29000000004,143846.78,120530.81,120865.29,0.000142399462474,0.0027750580951044,2,False
D01A C Imidazole and triazole derivatives,2725689.59,2490121.21,2480569.94,2220558.8,2405397.58,0.0028339593809641,0.0832397592894187,14,True
D01A E Other antifungals for topical use,5791555.5200000005,5418846.56,4799131.63,3596177.94,3618248.29,0.0042628997257506,0.0061371685072959,9,True
D01B A Antifungals for systemic use,244603.25,233159.33,253561.45,256264.15,329086.89,0.0003877192223116,0.2841706106765227,2,False
D02A B Zinc products,1083037.88,1030337.38,1154100.96,954928.33,1014021.83,0.0011946867750781,0.0618826545862347,2,False
D02A C Soft paraffin and fat products,993829.25,933841.96,863814.64,688311.32,732562.62,0.0008630809003693,0.0642896589293344,1,False
D02A E Carbamide products,152845.51,137206.65,158719.83,139691.75,167125.15999999997,0.0001969013018534,0.1963853269788658,1,False
D02A F Salicylic acid preparations,615287.62,571893.8500000001,561579.6900000001,494482.03,533188.26,0.0006281846642778,0.0782763126902712,5,True
D02A X Other emollientsand protectives,2373623.72,2733532.18,1796801.91,1295943.73,1166307.07,0.0013741041770364,-0.1000326302747727,3,True
D03A X Other cicatrizants,10658674.91,10187327.74,9553937.57,7400679.88,7192421.18,0.0084738712819801,-0.028140482141757,20,True
D03B A Proteolytic enzymes,10896.080000000002,8245.91,9888.53,6484.42,6831.7300000000005,8.048916936930867e-06,0.0535606885426915,2,False
D04A A Antihistamines for topical use,904071.33,756766.7899999999,989313.12,543955.14,866997.41,0.0010214674961721,0.593876675197885,2,False
D04A B Anesthetics for topical use,50176.41,40451.76,45894.4,38137.27,47472.9,5.593099095766742e-05,0.2447902012912828,1,False
D04A X Other antipruritics,437762.98,452601.72,487095.83,341668.66000000003,334295.94,0.0003938563516727,-0.0215785667904103,2,False
D05A X Other antipsoriatics for topical use,9756.78,7549.769999999999,13719.430000000002,7628.959999999999,37570.09,4.4263829765376695e-05,3.924667320316269,4,True
D05B X Other antipsoriatics for systemic use,4287.170000000001,4099.360000000001,4884.91,3198.84,3878.87,4.569955551398113e-06,0.2125864375836241,0,False
D06A A Tetracycline and derivatives,109565.06,1937.59,261.32,0.0,0.0,0.0,,1,False
D06A X Other antibiotics for topical use,1701684.63,1629101.4600000002,1543746.94,1147926.15,1178351.25,0.0013882942291013,0.0265044053574352,6,True
D06B A Sulfonamides,826721.22,748224.93,781278.21,636421.96,668708.5499999999,0.0007878501600568,0.0507314203928475,3,True
D06B B Antivirals,2171653.54,1899398.3,1912733.34,1553561.85,1561174.3199999998,0.0018393236304346,0.0049000109007566,6,True
D06B X Other chemotherapeutics,709379.2799999999,679838.56,755266.94,627783.74,671725.3700000001,0.0007914044769859,0.069994852048892,2,False
"D06C ANTIBIOTICS AND CHEMOTERAPEUTICS, COMBINATIONS",606569.28,550123.22,593249.47,507913.87,578767.38,0.0006818844666614,0.1394990650678629,6,True
"D07A A Corticosteroids, weak (group I)",622063.9700000001,496900.39,520492.98999999993,112418.96,228813.99,0.0002695810284536,1.0353683222118404,2,False
"D07A B Corticosteroids, moderately potent (group II)",221140.07,248522.78000000003,261917.36,287924.73000000004,333424.15,0.0003928292377065,0.1580253978183812,3,True
"D07A C Corticosteroids, potent (group III)",2380402.04,2171412.41,2208727.04,1808899.01,1828476.4,0.0021542500457041,0.0108228208936882,7,True
"D07A D Corticosteroids, very potent (group IV)",452519.37,453430.03,474923.45,456696.74,552581.95,0.0006510336644447,0.2099537868389425,1,False
"D07B B Corticosteroids, moderately potent, combinations with antiseptics",513859.9100000001,452673.08,461314.19,399099.22,427618.18000000005,0.0005038055092255,0.0714583205649963,3,True
"D07B C Corticosteroids, potent, combinations with antiseptics",127341.61,148109.33000000002,157137.06,223275.85,308604.34,0.0003635873635281,0.3821662306962439,1,False
"D07C A Corticosteroids, weak, combinations with antibiotics",388544.08,349798.81,329790.10000000003,269231.11,279276.85,0.0003290346907822,0.0373127013442093,2,False
"D07C B Corticosteroids, moderately potent, combinations with antibiotics",1.74,0.0,0.0,0.0,0.0,0.0,,1,False
"D07C C Corticosteroids, potent, combinations with antibiotics",1773719.48,1718671.74,1865772.45,1638612.38,1879188.55,0.0022139974132147,0.1468170098897945,6,True
"D07X A Corticosteroids,weak, other combinations",47677.02,41666.73,39593.1,34700.16,23204.830000000005,2.7339158486298717e-05,-0.3312759941164533,2,False
"D07X C Corticosteroids, potent, other combinations",532430.9299999999,497183.55,540161.3,516564.73,583637.27,0.0006876220089972,0.1298434370461181,2,False
D08A C Biguanides and amidines,4787215.7,4930680.03,4027949.28,3752700.03,3787531.060000001,0.0044623430519042,0.0092815918462847,3,True
D08A D Boric acid products,4040680.66,2891781.33,2064290.68,1922952.56,1871579.66,0.0022050328722284,-0.0267156356680997,1,False
D08A F Nitrofuran derivatives,1776910.89,1675668.23,1283728.5199999998,1145851.5799999998,1289173.39,0.0015188611864654,0.1250788605623778,1,False
D08A G Iodine products,6576321.930000001,6235556.69,5609238.35,7039789.29,5170921.47,0.0060922075959416,-0.2654721246635494,2,False
D08A J Quaternary ammonium compounds,2358572.32,2161631.52,1990412.5,1318750.49,1537303.34,0.0018111996361867,0.1657272180425881,4,True
D08A X Other antiseptics and disinfectants,31190969.99,32868936.85,25213704.62,21917350.26,19720366.46,0.0232338795008551,-0.1002394803175447,16,True
D10A B Preparations containing sulphur,226191.45,186841.58,180042.77,179263.84999999998,178606.32,0.0002104280224907,-0.0036679453219372,1,False
D10A D Retinoids for topical use in acne,122426.76,149855.96000000002,232268.46,211624.43,288888.51,0.0003403588287335,0.3651000028682889,4,True
D10A E Peroxides,41499.9,45326.71,49652.2,46243.030000000006,43484.32,5.123177873524299e-05,-0.0596567742208935,1,False
D10A F Antiinfectives for treatment of acne,313515.37,335552.71,338079.86,217656.28000000003,201021.62,0.0002368369830053,-0.076426280923298,3,True
D10A X Other anti-acne preparations for topical use,200975.63,179385.63999999998,165234.31,163338.15,212034.19,0.0002498116264986,0.2981302286085643,2,False
D10B A Retinoids for treatment of acne,106246.65,143417.83000000002,228891.81000000003,262324.98,356892.95,0.0004204793968623,0.3604992936623878,1,False
D11A A Antihidrotics,1382003.79,1064516.59,1130687.5,1285200.5,1299734.5299999998,0.0015313039701555,0.0113087646635678,1,False
D11A C Medicated shampoos,189314.01,182572.53000000003,215602.6,168644.11000000002,193789.57,0.0002283164223664,0.1491036953499294,1,False
D11A F Wart and anti-corn preparations,51883.91999999999,39987.310000000005,44705.95,51504.98,71059.01,8.371936085157635e-05,0.3796531908176646,2,False
"D11A H Agents for dermatitis, excluding corticosteroids",70376.11,85199.18,121149.08,60753.27,141796.9,0.0001670603888055,1.3339797182933526,3,True
D11A X Other dermatologicals,791086.66,657130.16,590468.63,440579.11,447535.11,0.0005272709733479,0.0157883109800645,9,True
G01A A Antibiotics,607509.6699999999,554301.83,661192.29,549186.12,563077.1,0.0006633987009129,0.0252937565137296,5,True
G01A C Quinoline derivatives,216465.38,221464.36,217738.21,162880.16,183344.01,0.000216009811186,0.1256374625368737,2,False
G01A D Organic acids,6.42,0.0,0.0,0.0,0.0,0.0,,1,False
G01A F Imidazole derivatives,1457395.74,1327409.11,1383657.3,995006.72,1163008.43,0.0013702178291619,0.168844799359747,13,True
G01A X Other antiinfectives and antiseptics,1044813.17,944805.68,940400.9,657961.54,727061.9299999999,0.0008566001704655,0.105021928789333,12,True
G01B F Imidazole derivatives and corticosteroids,841585.01,651727.53,682502.19,569718.82,670364.34,0.0007898009567328,0.1766582329156689,4,True
G02A B Ergot alcaloids,1298.9799999999998,1537.53,887.44,285.21000000000004,412.57,4.860762443289718e-07,0.4465481574979835,1,False
G02A D Prostaglandins,4243.99,3635.23,3375.59,2121.76,2562.63,3.019205385764242e-06,0.2077850463765929,1,False
G02A X Other uterotonics,26164.160000000003,21422.9,15466.62,10070.02,11383.78,1.3411990761973154e-05,0.1304625015640486,1,False
G02B A Intrauterine contraceptives,33090.450000000004,33245.200000000004,46532.27000000001,42522.810000000005,58967.46000000001,6.947349902905902e-05,0.3867253833883508,1,False
G02B B Intravaginal contraceptives,424446.23,353720.92,332725.98,242721.92,254180.47,0.0002994669710336,0.0472085504267598,3,True
"G02C A Sympathomimetics, labor repressants",8462.91,5996.189999999999,6048.12,3698.9100000000008,3397.22,4.00249154994127e-06,-0.081561865522546,1,False
G02C B Prolactine inhibitors,191970.61,192302.14,204807.02,169436.61,199506.81,0.0002350522842738,0.1774716810021164,3,True
G02C C Antiinflammatory products for vaginal administration,34196.450000000004,40462.08,45573.32,29186.2,34723.13,4.090963623566099e-05,0.1897105481357626,1,False
G02C X Other gynecologicals,873775.12,782473.8,820759.67,571289.41,711299.43,0.0008380293175163,0.2450772192679013,8,True
"G03A A Progestogens and estrogens, fixed combinations",1913859.22,1926789.14,2109403.67,1851718.96,2170075.95,0.0025567112676264,0.1719251122211329,8,True
"G03A B Progestogens and estrogens, seguential preparations",184429.31000000003,205902.5,248854.01,232205.82,296521.54000000004,0.0003493518106644,0.2769772092706377,2,False
G03A C Progestogens,22005.63,21483.33,22673.63,17759.86,21788.61,2.567061521183964e-05,0.2268458197305609,2,False
G03A D Emergency contraceptives,267921.19999999995,274486.97000000003,308645.87999999995,278211.02,341613.68000000005,0.000402477869418,0.227894135897277,2,False
G03B A 3-oxoandrosten (4) derivatives,69043.76,52441.58,57260.73,43077.87,52640.03,6.201873156982914e-05,0.2219738348251667,1,False
G03B B 5-androstanon (3) derivatives,9363.36,6766.44,8461.970000000001,5096.74,9543.48,1.1243810544219542e-05,0.8724674988325871,1,False
"G03C A Natural and semisynthetic estrogens, plain",173342.93000000002,170914.19,187198.38,151001.83,183473.96,0.0002161629139514,0.2150446123732408,5,True
"G03C B Synthetic estrogens, plain",19.1,0.0,0.0,0.0,0.0,0.0,,1,False
G03C X Other estrogens,23.33,1873.09,5133.09,4741.65,8166.199999999999,9.621145081899436e-06,0.7222274946484872,1,False
G03D A Pregnen (4) derivatives,820183.2999999999,735565.48,746075.51,530918.01,631802.67,0.0007443688804096,0.190019283768505,2,False
G03D B Pregnadien derivatives,491617.12,480601.00000000006,576824.2899999999,436098.5500000001,558753.4,0.0006583046614587,0.2812548906663412,2,False
G03D C Estren derivatives,136728.56,123560.86,141733.61000000002,119231.99,133178.94999999998,0.0001569070069071,0.1169733055700905,2,False
"G03F A Progestogens and estrogens, combinations",152998.7,165483.43,193455.24,196227.27,228618.21,0.0002693503669729,0.1650684943025502,3,True
"G03F B Progestogens and estrogens, sequential preparations",206123.52,225682.97,276308.04,232196.09000000003,265830.78,0.0003131929785719,0.1448546786468278,2,False
G03G A Gonadotropins,36322.01,25830.88,17523.84,7243.81,15523.87,1.828970702438664e-05,1.1430531722946902,9,True
"G03G B Ovulation stimulants, synthetic",11823.12,9837.57,9584.54,7048.379999999999,10158.55,1.196846554967176e-05,0.4412602612231466,1,False
"G03H A Antiandrogens, plain preparations",4996.0,4072.22,4347.550000000001,2649.5999999999995,2655.03,3.1280679908397373e-06,0.0020493659420293,1,False
G03H B Antiandrogens and estrogens,106324.29,93828.78,98875.58,80171.02,83919.03,9.88706084546388e-05,0.0467501847924598,1,False
G03X A Antigonadotropins and similar agents,672918.46,647113.19,655499.41,475166.23,486748.19,0.0005734705192552,0.02437454362024,2,False
G03X B Progesterone receptor modulators,75720.41,36494.82,24868.94,19935.22,9633.83,1.1350257907515766e-05,-0.5167432313262659,2,False
G04B C Urinary concrement solvents,575903.97,542546.8200000001,558414.62,415413.95,356796.13,0.0004203653267603,-0.1411070090448335,3,True
G04B D Drugs for urinary frequency and incontinence,701040.8,658076.53,669903.1299999999,591190.29,677958.34,0.0007987479548166,0.1467683949951206,5,True
G04B E Drugs used in erectile dysfunction,2839152.19,2733627.41,2873917.28,2213514.99,2724938.83,0.0032104322478914,0.2310460251276636,6,True
G04B X Other urologicals,4544978.91,4440305.28,4588284.71,3789755.96,4045568.38,0.0047663540352581,0.0675010271637648,12,True
G04C A Alpha-adrenoreceptor antagonists,1478947.14,1436133.54,1636874.7700000005,1562024.02,1706640.61,0.0020107071724267,0.0925828208454824,6,True
G04C B Testosterone-5-alpha reductase inhibitors,139484.32,135629.69,152108.00999999998,142282.21,165583.91,0.0001950854523937,0.1637710013078936,2,False
G04C X Other preparations used in benign prostatic hypertrophy,507226.42,474105.52,453679.27,366955.86,357140.54,0.0004207710991609,-0.0267479581876687,6,True
H01A C Somatropin and somatropin agonists,21579.82,10193.179999999998,6894.36,6496.610000000001,7183.700000000001,8.463596277931106e-06,0.1057613124383332,1,False
H01A X Other anterior pituitary lobe hormones and analogues,0.0,0.0,0.0,0.03,2.06,2.42702344648831e-09,67.66666666666667,1,False
H01B A Vasopressin and analogues,35719.93,33757.880000000005,39063.08,38879.58,40698.07,4.794911170719539e-05,0.0467723673969728,2,False
H01B B Oxytocin and derivatives,249443.87000000005,193116.42,143286.84000000003,97528.09,97311.79,0.0001146495125969,-0.0022178225780901,3,True
H01C B Somatostatin and analogues,45146.14,41430.68,51819.4,37457.78999999999,44860.09,5.285266516581348e-05,0.1976171044794687,2,False
H01C C Anti-gonadotropin-releasing hormones,2079.74,1860.81,4550.000000000001,495.3399999999999,1523.88,1.7953847037061196e-06,2.076432349497316,2,False
H02A A Mineralocorticoids,10986.38,6969.98,10436.32,11966.63,12241.320000000002,1.442231585241082e-05,0.0229546664349111,1,False
H02A B Glucocorticoids,3501772.45,3540633.93,4925020.45,3061098.77,3162302.5500000003,0.003725719628029,0.0330612592418899,7,True
H03A A Thyroid hormones,2258699.81,2372194.21,2557808.8800000004,2337419.62,1988813.54,0.002343153928288,-0.1491414194598058,1,False
H03B B Sulphur-containing imidazole derivatives,221187.84,220950.25,241600.71,225951.77,237706.13,0.0002800574518854,0.0520215442437117,2,False
H03C A Iodine therapy,540763.94,528553.55,534362.8899999999,552509.53,490470.12000000005,0.0005778555733213,-0.1122865880702546,1,False
H04A A Glycogenolytic hormones,383.05,235.89,392.2300000000001,330.98,538.7600000000001,6.34749102927205e-07,0.6277720708199894,1,False
H05B A Calcitonin preparations,65.39,0.0,0.0,0.0,0.0,0.0,,1,False
H05B X Other anti-parathyroid agents,115.89,334.54,597.19,536.31,577.27,6.801203033758771e-07,0.0763737390688221,2,False
J01A A Tetracyclines,1627353.25,1605068.19,1582869.95,1257794.9700000002,1262586.54,0.0014875374445633,0.0038095000491216,3,True
J01B A Amphenicols,2088843.63,1756442.04,1693733.96,1533898.15,1443154.87,0.0017002770419435,-0.0591586084121686,2,False
J01C A Penicillins with extended spectrum,2597686.2,2168951.74,1998284.4,1443641.88,1430859.96,0.0016857915881365,-0.0088539409787695,2,False
J01C E Beta-lactamase sensitive penicillins,1351153.7000000002,1174777.28,1026173.32,768623.77,739512.47,0.0008712689823594,-0.0378745767906709,3,True
"J01C R Combinations of penicillins, incl. beta-lactamase inhibitors",3018335.42,2712248.62,2859184.07,2235560.75,2576689.67,0.0030357700210748,0.1525921046878282,3,True
J01D B First-generation cephalosporins,413176.42,273630.68,280940.78,182433.68,195760.04,0.0002306379645463,0.0730476960175339,2,False
J01D C Second-generation cephalosporins,923169.85,735684.0499999999,691017.89,356781.06999999995,409122.25,0.0004820142200145,0.1467039156533727,1,False
J01D D Third-generation cephalosporins,21201806.31,22678112.33,22144995.87,9706128.99,7243825.05,0.0085344336109754,-0.25368547466625,12,True
J01D E Fourth-generation cephalosporins,1101784.14,2694139.16,3123778.68,868664.6599999999,467750.7,0.0005510883087433,-0.4615290323886319,2,False
J01D F Monobactams,0.0,1.63,9714.510000000002,4720.45,9250.82,1.089900827147718e-05,0.9597326526072728,1,False
J01D H Carbapenems,235680.18,540729.44,441540.55,97525.7,34082.95,4.0155397463829486e-05,-0.6505234004985353,3,True
J01E B Short-acting sulfonamides,3867988.92,3766519.35,3594598.21,2946460.98,2522780.83,0.002972256419787,-0.1437928935342629,2,False
J01E D Long-acting sulfonamides,173931.97000000003,35984.16999999999,25181.83,2239.8,135.05999999999997,1.5912319741879184e-07,-0.939699973211894,1,False
"J01E E Combinations of sulfonamides and trimethoprim, incl. derivatives",864216.38,777451.76,747121.3,579749.1699999999,524135.12000000005,0.0006175185560038,-0.0959277785598207,1,False
J01F A Macrolides,6951727.19,9636875.25,7650466.76,5310139.899999999,4444286.96,0.0052361109974962,-0.1630565213545503,6,True
J01F F Lincosamides,772950.0100000001,696347.33,676914.66,528527.1799999999,568533.11,0.0006698267903276,0.0756932311409226,2,False
J01G A Streptomycins,167616.14,125341.41000000002,112198.59,76230.98999999999,86453.93000000001,0.0001018571432772,0.1341047781223885,1,False
J01G B Other aminoglycosides,799779.48,721012.24,633157.86,277438.55,250758.02,0.0002954347543373,-0.0961673494905448,4,True
J01M A Fluoroquinolones,6208749.12,7845663.729999999,7759102.52,3877666.67,3083580.45,0.0036329718695548,-0.2047845489514446,8,True
J01M B Other quinolones,113736.85,53380.23,60413.34,54325.69,55781.49,6.571989519905495e-05,0.0267976347838381,1,False
J01R A Combinations of antibacterials,736585.93,691591.8099999999,735952.33,500533.97,514712.86,0.0006064175628296,0.0283275278998544,4,True
J01X A Glycopeptide antibacterials,83695.76000000001,104503.62,111910.2,45924.48,39238.6,4.622961272202728e-05,-0.1455842287163621,2,False
J01X B Polymyxins,2724.24,4095.5,8746.14,5344.280000000001,7072.16,8.332183561804257e-06,0.3233138982238952,3,True
J01X D Imidazole derivatives,3478639.67,2870583.41,2689252.23,1646787.55,1535376.13,0.0018089290614992,-0.067653790557258,3,True
J01X E Nitrofuran derivatives,1642341.11,1423043.75,1620736.68,1558179.14,1511263.5399999998,0.0017805204103897,-0.0301092466171766,2,False
J01X X Other antibacterials,1819069.99,1829654.71,1638068.61,1511811.86,1582263.85,0.0018641706128547,0.0466010301043675,7,True
J02A C Triazole and tetrazole derivatives,6626956.14,6381773.74,6583361.64,4782760.54,5140021.92,0.0060558027744193,0.074697735128508,4,True
J02A X Other antimycotics for systemic use,1073.63,794.2800000000001,1227.62,415.29,90.82,1.0700110165537296e-07,-0.7813094464109418,2,False
J04A B Antibiotics,134926.87,132800.45,125477.96,91165.65,82225.02,9.68747822465875e-05,-0.0980701612943031,1,False
J04A C Hydrazides,47913.36,37595.73,36181.24,24192.72,35011.47,4.124934882816606e-05,0.4471903117962759,1,False
J04A K Other drugs for treatment of tuberculosis,6247.0,4749.93,4477.02,3318.85,1719.4000000000003,2.025739861112622e-06,-0.4819289814242884,2,False
J05A B Nucleosides and nucleotides excl. reverse transcriptase inhibitors,1660897.72,1645230.14,1748717.74,1421876.53,1778343.91,0.0020951856143153,0.2507020634203729,6,True
J05A C Cyclic amines,1520706.65,2172658.81,1356826.64,956996.2,743243.35,0.0008756645810177,-0.2233580969287025,1,False
J05A E Protease inhibitors,0.0,0.0,0.0,0.12,0.0,0.0,-1.0,1,False
J05A F Nucleoside and nucleotide reverse transcriptase inhibitors,1858.49,4358.219999999999,7334.830000000001,4681.26,4334.489999999999,5.1067518730918025e-06,-0.0740762102510865,4,True
J05A H Neuraminidase inhibitors,13579.37,467788.58,455120.09,411654.1299999999,320095.09,0.0003771253827843,-0.2224173968569195,2,False
J05A P Antivirals for treatment of HCV infections,6238.78,8283.44,6182.290000000001,2899.96,2910.66,3.429242749881391e-06,0.0036897060649112,5,True
"J05A R Antivirals for treatment of HIVinfections, combinations",670.83,20.69,5.68,0.23,0.0,0.0,-1.0,4,True
J05A X Other antivirals,7417495.03,11371460.25,10928789.06,8059363.58,6554152.34,0.0077218841752603,-0.1867655212547192,11,True
"J06B A Immunoglobulins, normal human",32184.64,42613.02,48993.99999999999,9996.049999999996,8878.94,1.046087163104996e-05,-0.1117551432815959,1,False
J06B B Specific immunoglobulins,18848.95,17204.92,10331.23,2455.17,6147.02,7.242214400986686e-06,1.5037044277992972,1,False
J07A F Diphtheria vaccines,103.55,193.14,4.85,0.0,0.0,0.0,,0,False
J07A G Hemophilus influenzae B vaccines,1101.65,838.3,1252.54,257.74,0.0,0.0,-1.0,0,False
J07A H Meningococcal vaccines,161.08,2057.61,4520.79,4774.82,7770.15,9.154532151811234e-06,0.627317888423019,0,False
J07A J Pertussis vaccines,95072.60000000002,71406.54999999999,84063.66,42932.94000000001,42137.03,4.964444649290356e-05,-0.0185384462373182,0,False
J07A L Pneumococcal vaccines,11706.08,36439.51,34208.36,24409.95,27047.32,3.186625233236515e-05,0.108044875143128,0,False
J07A M Tetanus vaccines,230.67,552.16,337.3,94.72,0.0,0.0,-1.0,0,False
J07A P Typhoid vaccines,2.72,0.0,1.16,1.43,0.0,0.0,-1.0,0,False
J07A X Other bacterial vaccines,0.0,52.12,10938.72,8464.66,23039.78,2.714470206889925e-05,1.7218789650145432,0,False
J07B A Encephalitis vaccines,2.1,3.3100000000000005,18.45,39.50999999999999,17.82,2.0994930978845483e-08,-0.5489749430523917,0,False
J07B B Influenza vaccines,194578.78,166328.18999999997,129990.68,19979.78,50569.33,5.957910173941975e-05,1.5310253666456788,0,False
J07B C Hepatitis vaccines,4716.35,3410.91,3630.39,2601.71,4783.170000000001,5.635371717737618e-06,0.8384716205879983,0,False
J07B D Measles vaccines,1250.83,3896.01,4469.21,3003.7900000000004,6705.119999999999,7.89974924830956e-06,1.2322199621145278,0,False
J07B F Poliomyelitis vaccines,58.06,16.69,0.0,11.02,0.0,0.0,-1.0,0,False
J07B G Rabies vaccines,710.3100000000001,284.52,1508.1,1264.07,1133.5300000000002,1.335487323931017e-06,-0.1032695974115355,0,False
J07B H Rota virus diarrhea vaccines,4383.24,16982.350000000002,31569.84,26738.659999999996,29112.4,3.429926086579917e-05,0.088775578132936,0,False
J07B K Varicella zoster vaccines,10551.92,6400.150000000001,15747.030000000002,3620.64,2496.1,2.9408219537764423e-06,-0.3105914976357771,0,False
J07B L Yellow fever vaccines,46.57,18.21,112.92,109.79,211.85,2.495946199701692e-07,0.9295928590946356,0,False
J07B M Papillomavirus vaccines,2602.98,4942.42,6590.78,1969.8,11414.49,1.3448172261993375e-05,4.7947456594578135,0,False
"J07C A Bacterial and viral vaccines, combined",273842.17,297869.14,258815.76,211110.02,159585.26,0.0001880180425892,-0.2440659140669874,0,False
L01A A Nitrogen mustard analogues,26468.11,20084.810000000005,13815.71,9437.35,10068.52,1.1862395199726449e-05,0.0668800033907823,5,True
L01A D Nitrosoureas,175.54000000000002,126.14,146.6,61.04,57.99,6.832188818536753e-08,-0.049967234600262,1,False
L01A X Other alkylating agents,5594.3,4055.06,6085.45,3314.98,3062.61,3.608265183227943e-06,-0.0761301727310572,2,False
L01B A Folic acid analogues,10513.43,11054.32,14097.04,8269.650000000001,9669.829999999998,1.1392671909493229e-05,0.1693155091206999,2,False
L01B B Purine analogues,74.55,61.75,204.32,149.98,389.67,4.590962264044174e-07,1.5981464195226032,4,True
L01B C Pyrimidine analogues,39739.27,35707.509999999995,47554.23,39771.45,29092.63,3.427596850971321e-05,-0.268504668549927,7,True
L01C A Vinca alkaloids and analogues,9887.89,10317.62,12565.05,5547.280000000001,3601.0300000000007,4.242613709469806e-06,-0.3508476226186526,2,False
L01C B Podophyllotoxin derivatives,8192.21,4774.71,2443.04,812.3399999999999,1185.51,1.3967284301195906e-06,0.4593766157027847,1,False
L01C D Taxanes,19929.03,16702.170000000002,14353.4,17440.72,11576.55,1.3639105960895265e-05,-0.3362343985798752,3,True
L01C E Topoisomerase 1 (TOP1) inhibitors,471.13,862.3399999999999,900.64,765.35,1462.72,1.723328027013292e-06,0.9111778924674984,2,False
L01C X Other plant alkaloids and natural products,0.0,0.0,0.0,79.11,81.56,9.609127781339157e-08,0.0309695360889901,0,False
L01D B Anthracyclines and related substances,6878.06,9925.03,9681.5,8463.689999999999,7771.479999999999,9.156099113550956e-06,-0.0817858404549316,4,True
L01D C Other cytotoxic antibiotics,1.95,1.49,0.0,2.38,0.0,0.0,-1.0,1,False
L01E A BCR-ABL tyrosine kinase inhibitors,686.27,1575.89,1961.4500000000005,2470.88,2096.99,2.470603833520156e-06,-0.1513185585702261,2,False
L01E B Epidermal growth factor receptor (EGFR) tyrosine kinase inhibitors,29.83,0.78,23.18,161.35000000000002,184.05,2.1684158510979295e-07,0.1406879454601795,4,True
L01E C B-Raf serine-threonine kinase (BRAF) inhibitors,61.36999999999999,49.260000000000005,100.55,76.71000000000001,12.47,1.4691739018305449e-08,-0.8374397079911355,2,False
L01E D Anaplastic lymphoma kinase (ALK) inhibitors,247.53000000000003,400.4,329.45000000000005,388.31,148.79000000000002,1.752994265063086e-07,-0.6168267621230459,2,False
L01E E Mitogen-activated protein kinase (MEK) inhibitors,5.94,0.2,0.18,17.130000000000006,1.11,1.3077650609718562e-09,-0.935201401050788,2,False
L01E F Cyclin-dependent kinase (CDK) inhibitors,1501.82,1692.1600000000003,1962.1900000000005,1389.42,800.3100000000001,9.428986089607086e-07,-0.4239970635229088,2,False
L01E G Mammalian target of rapamycin (mTOR) kinase inhibitors,5.199999999999999,37.7,60.92,19.75,93.27,1.0988761012328384e-07,3.722531645569621,1,False
L01E H Human epidermal growth factor receptor 2 (HER2) tyrosine kinase inhibitors,0.23,174.23,389.4000000000001,574.44,240.32,2.8313702653401493e-07,-0.5816447322609846,1,False
L01E J Janus-associated kinase (JAK) inhibitors,0.0,0.1,0.1,0.12,0.0,0.0,-1.0,1,False
L01E K Vascular endothelial growth factor receptor (VEGFR) tyrosine kinase inhibitors,349.85,418.3200000000001,495.58,415.53,238.07,2.804861514104233e-07,-0.427069044352995,1,False
L01E L Bruton's tyrosine kinase (BTK) inhibitors,0.01,0.01,0.0,0.0,2.29,2.6980017924554516e-09,,2,False
L01E X Other protein kinase inhibitors,3702.73,4082.05,2241.36,642.1099999999999,471.7,5.557412425769592e-07,-0.2653906651508307,6,True
L01F A CD20 (Clusters of Differentiation 20) inhibitors,3065.4400000000005,2293.21,1310.84,1481.6999999999998,641.72,7.560531485827566e-07,-0.5669028818249308,2,False
L01F C CD38 (Clusters of Differentiation 38) inhibitors,0.0,0.0,0.4999999999999999,0.1,0.11,1.2959833937558935e-10,0.0999999999999998,1,False
L01F D HER2 (Human Epidermal Growth Factor Receptor 2) inhibitors,6234.96,4244.62,3653.63,2015.05,650.0300000000001,7.658437140392217e-07,-0.6774124711545619,3,True
L01F E EGFR (Epidermal Growth Factor Receptor) inhibitors,0.5800000000000001,0.7599999999999999,103.33,66.55,158.21,1.8639775702374545e-07,1.3773102930127727,2,False
L01F F PD-1/PDL-1 (Programmed cell death protein 1/death ligand 1) inhibitors,185.22,729.2900000000001,2906.3499999999995,2613.33,4134.45,4.871071402103686e-06,0.582061966915774,2,False
L01F G VEGF/VEGFR (Vascular Endothelial Growth Factor) inhibitors,11600.27,17485.239999999998,13466.829999999998,10313.510000000002,2559.9400000000005,3.0160361172831488e-06,-0.7517877037012617,1,False
L01F X Other monoclonal antibodies and antibody drug conjugates,0.02,0.02,1.34,0.1699999999999999,15.34,1.8073077509286736e-08,89.23529411764707,3,True
L01X A Platinum compounds,18257.01,22396.55,13172.8,19645.57,31162.64,3.67147854050847e-05,0.5862425982040735,3,True
L01X D Sensitizers used in photodynamic/radiation therapy,0.0,0.16,0.16,0.23,0.0,0.0,-1.0,1,False
L01X G Proteasome inhibitors,29.880000000000003,134.74,83.08999999999999,38.91,345.46,4.0700947564264643e-07,7.878437419686456,1,False
L01X K Poly (ADP-ribose) polymerase (PARP) inhibitors,0.01,0.03,35.1,103.02000000000002,231.51999999999995,2.727691593839677e-07,1.2473306154144814,2,False
L01X X Other antineoplastic agents,14593.9,14976.62,14723.039999999995,14943.830000000002,12699.56,1.4962198970915092e-05,-0.1501803754459197,4,True
L01X Y Combinations of antineoplastic agents,2.6,0.0,55.25,279.96000000000004,144.14999999999998,1.698327329181019e-07,-0.4851050150021433,2,False
L02A B Progestogens,9271.469999999998,8769.43,8740.480000000001,6111.870000000001,4648.8,5.477061455356727e-06,-0.2393817276872709,2,False
L02A E Gonadotropin releasing hormone analogues,29904.27,28412.06,42157.79,50822.55,44799.8,5.278163349416844e-05,-0.1185054665694657,3,True
L02B A Anti-estrogens,182968.59,168417.18,164040.0,153145.54,128666.42,0.0001515904942309,-0.1598421997793733,3,True
L02B B Anti-androgens,106063.72,112552.37,132789.02,121647.20000000004,144681.35,0.0001704587518056,0.1893520771542622,3,True
L02B G Aromatase inhibitors,126628.92,160858.05000000002,192196.81,192804.58,194001.26,0.0002285658284797,0.0062066990317346,3,True
L02B X Other hormone antagonists and related agents,67.33000000000001,115.02,428.88,833.77,1269.62,1.4958240330730523e-06,0.5227460810535278,2,False
L03A A Colony stimulating factors,20449.49,20826.93,26870.49,24038.38,10335.19,1.2176576919374523e-05,-0.5700546376253308,2,False
L03A B Interferons,1496906.23,1319350.56,1235147.63,719518.6399999999,646806.27,0.0007620456226338,-0.1010569649731379,3,True
L03A X Other immunostimulants,1800774.6,1959151.55,1363586.74,848606.88,779247.16,0.0009180830718104,-0.0817336291216492,11,True
L04A A Selective immunosuppressants,38730.43,41621.71,48801.77,41083.74999999999,45688.8,5.3829023709667526e-05,0.1120893297228224,10,True
L04A B Tumor necrosis factor alpha inhibitors,922.06,883.63,2144.36,2093.48,5247.120000000001,6.181982168222206e-06,1.5064103788906515,4,True
L04A C Interleukin inhibitors,330.32,6879.78,14586.11,925.06,2753.34,3.2438935612398664e-06,1.976390720601907,4,True
L04A D Calcineurin inhibitors,12117.75,11710.62,10569.72,5369.8,18351.82,2.1621503604724805e-05,2.4175984207977947,2,False
L04A X Other immunosuppressants,95320.89,119651.94,158733.05,152929.62,171132.83000000002,0.0002016230052785,0.119029982550143,5,True
M01A B Acetic acid derivatives and related substances,19803073.34,17918961.82,17213912.22,14939351.22,14395162.81,0.0169599017747022,-0.0364265088882487,11,True
M01A C Oxicams,4524253.38,4276648.23,4896149.47,4127238.38,4737333.0200000005,0.0055813681132831,0.1478215173992447,4,True
M01A E Propionic acid derivatives,16010960.0,15351869.75,17978853.330000002,16692001.18,18482908.81,0.0217759480782404,0.1072913673254365,9,True
M01A G Fenamates,1976310.03,2401900.73,2260776.94,2311546.31,2442727.7,0.0028779404860613,0.0567504918385133,1,False
M01A H Coxibs,364879.38,367159.66,478060.23,436166.29,731635.5299999999,0.0008619886337834,0.6774233744657339,4,True
"M01A X Other antiinflammatory and antirheumatic agents, non-steroids",5263955.55,4936182.5200000005,5511252.0,5067625.899999999,6154515.18,0.007251044972635,0.2144770157560369,7,True
M01B X Other antiinflammatory/antirheumatic agents in combination with other drugs,366843.31000000006,326110.52,357512.95,290875.58,330324.74,0.0003891776159879,0.1356221103194705,2,False
M01C C Penicillamin and similar agents,2321.95,2272.65,2860.1,2038.28,2116.0800000000004,2.493095036235429e-06,0.0381694369762741,1,False
"M02A A Antiinflammatory preparations, non-steroids for topical use",9043655.83,8006446.58,7862933.93,6109995.69,6317536.58,0.007443111361023,0.0339674363992881,18,True
M02A B Capsaicin and similar agents,116850.37999999998,109810.88,93903.59,67851.02,56716.22000000001,6.682116297873264e-05,-0.1641065970710535,1,False
M02A C Preparations with salicylic acid derivatives,372249.16,313882.04,261396.79,176596.43,152799.43,0.0001800232035048,-0.1347535734442649,5,True
M02A X Other topical products for joint and muscular pain,13340038.38,13899017.63,13966401.06,10598498.84,10621141.75,0.0125134757552067,0.0021364261431575,26,True
M03A B Choline derivatives,3249.3499999999995,3610.33,3821.1,2315.88,2230.84,2.6283014492058163e-06,-0.0367203827486743,1,False
M03A C Other quaternary ammonium compounds,2450.31,2983.87,4927.16,2584.1000000000004,2407.18,2.836059368892102e-06,-0.0684648426918465,3,True
"M03A X Other muscle relaxants, peripherally acting agents",37.64999999999999,79.63,5095.63,5714.06,43321.59,5.104005566463763e-05,6.581577722320032,1,False
M03B A Carbamic acid esters,0.0,6093.379999999999,19164.120000000003,21510.08,16896.53,1.990692935645297e-05,-0.2144831632425357,1,False
M03B X Other centrally acting agents,1458376.64,1384022.56,1651708.52,1455383.5,1924666.61,0.0022675781500695,0.3224463586401798,7,True
M04A A Preparations inhibiting uric acid production,446222.45,452724.17,515492.47,536207.22,652518.97,0.0007687761356642,0.216915673011639,2,False
M04A C Preparations with no effect on uric acid metabolism,156.95,9767.14,44959.92999999999,44911.67999999999,71918.12000000001,8.473153566376694e-05,0.6013233083242493,1,False
M05B A Bisphosphonates,122612.43,116196.43,134079.76,109382.1,112965.54,0.0001330922399151,0.0327607533590963,6,True
"M05B B Bisphosphonates, combinations",0.0,0.0,1233.34,3788.940000000001,3459.6400000000003,4.07603271670331e-06,-0.0869108510559681,1,False
M05B X Other drugs affecting bone structure and mineralization,119566.25999999998,95108.44,116726.76,66959.15,71702.68000000001,8.447771142526624e-05,0.070842147787121,2,False
M09A B Enzymes,990947.96,1332105.5499999998,1948593.11,909977.34,983538.17,0.0011587719413136,0.080838089880348,2,False
M09A X Other drugs for disorders of the musculo-skeletal system,1523937.65,1320008.34,1392793.87,1068514.05,1146762.26,0.0013510771323145,0.0732308667349763,5,True
N01A B Halogenated hydrocarbons,2.48,16.96,168.43999999999997,126.8,289.37,3.409261042283119e-07,1.2820977917981071,2,False
"N01A F Barbiturates, plain",14221.46,15110.38,24785.93,8837.960000000001,10457.03,1.2320124752733813e-05,0.1831949906992109,1,False
N01A H Opioid anestetics,0.0,0.0,0.0,0.0,37.16,4.378067537451728e-08,,1,False
N01A X Other general anesthetics,4861.16,4324.24,6106.06,5636.22,8302.26,9.781446446039823e-06,0.4730191511332062,3,True
N01B A Esters of amino benzoic acid,1237126.23,1137471.89,1100985.05,724453.25,663120.62,0.0007812666468882,-0.0846605767867009,2,False
N01B B Amides,2492057.62,2601109.15,2611710.29,1306765.09,1071387.19,0.0012622727332025,-0.1801225804096128,8,True
N02A A Natural opium alkaloids,161767.80999999997,201358.03,165746.53999999998,124208.45,94469.22,0.0001113004912191,-0.2394300065736267,4,True
N02A B Phenylpiperidine derivatives,692.29,1944.76,566.5799999999999,1630.28,3449.55,4.064145014482404e-06,1.115924871801163,2,False
N02A E Oripavine derivatives,899.6300000000001,837.5300000000001,664.03,902.46,120.0,1.4138000659155204e-07,-0.8670301176783458,1,False
N02A F Morphinan derivatives,1510556.38,1205881.77,1337029.4200000002,1270080.39,2283487.81,0.0026903293469127,0.7979080914712811,2,False
N02A J Opioids in combination with non-opioid analgesics,2320.65,1117.66,824.73,723.6800000000001,1235.0100000000002,1.455047682838606e-06,0.7065692018571745,1,False
N02A X Other opioids,85491.8,89629.23000000001,69041.57,45106.240000000005,38080.78999999999,4.4865519510095904e-05,-0.1557533946522701,1,False
N02B A Salicylic acid and derivatives,69594640.63000001,66735143.620000005,62617666.690000005,51860644.71,48466721.95,0.0571018789063493,-0.0654431270374387,7,True
N02B B Pyrazolones,25916280.4,24612097.28,22941148.73,19020764.27,18270696.180000003,0.021525926219672,-0.0394341720107966,9,True
N02B E Anilides,27890377.97,34905223.64,32201291.130000003,28763784.08,27645282.48,0.0325707518270643,-0.0388857598461016,32,True
N02B F Gabapentinoids,1371327.27,1332035.85,1639360.92,1872478.39,2816997.77,0.0033188930274248,0.5044220456931416,2,False
N02B G Other analgesics and antipyretics,16917.24,32385.35000000001,72104.60999999999,67598.97,98728.95,0.0001163191633481,0.4605096793634577,2,False
N02C A Ergot alcaloids,40737.89000000001,8581.38,45999.86,70834.9,75754.02999999998,8.925087717280524e-05,0.0694450052163551,1,False
N02C C Selective 5HT1-receptor agonists,1438470.54,1425435.65,1472658.82,1292592.28,1435611.93,0.0016913902010525,0.1106456012564147,4,True
N02C D Calcitonin gene-related peptide (CGRP) antagonists,0.0,4.74,74.87,148.48999999999998,360.02,4.241635831090881e-07,1.424540373089097,1,False
N02C X Other antimigraine preparations,3.81,3.32,0.0,0.0,0.0,0.0,,1,False
N03A A Barbiturates and derivatives,83613.11,79985.5,74476.4,73083.21999999999,71763.09,8.454888447691786e-05,-0.0180633803491415,2,False
N03A B Hydantoin derivatives,25788.890000000003,25065.060000000005,20853.38,19265.19,16484.649999999998,1.94216660471619e-05,-0.1443297470723102,1,False
N03A E Benzodiazepine derivatives,12026.2,14654.19,15062.600000000002,14323.38,12019.07,1.4160468298536046e-05,-0.1608775303036016,1,False
N03A F Carboxamide derivatives,1301235.98,1110431.75,1083760.45,1042745.81,1021682.23,0.0012037120034322,-0.020200109938586,2,False
N03A G Fatty acid derivatives,441630.02,473026.0500000001,502306.61,484418.85,466935.26000000007,0.0005501275844719,-0.0360918861848583,1,False
N03A X Other antiepileptics,467687.09,522283.72,605148.7,600442.42,638286.78,0.0007520082430308,0.0630274589859922,5,True
N04A A Tertiary amines,215358.92,197123.32,177703.50999999998,139762.31000000003,142111.31,0.0001674308162044,0.0168071062935348,2,False
N04B A DOPA and derivatives,197113.43,204628.37,217046.17,217562.39,259732.79,0.0003060085296853,0.1938312959330883,3,True
N04B B Adamantane derivatives,85525.76000000001,89181.64,115269.19,94006.13,88194.96,0.0001039083668845,-0.0618169261940684,1,False
N04B C Dopamine agonists,211115.05,223183.52,243768.79000000004,215646.76,221439.08,0.0002608921549168,0.0268602227086556,4,True
N04B D Monoamine oxidase type B,13492.84,14383.509999999998,20990.89,18864.45,17513.27,2.0633551900330257e-05,-0.071625729878157,2,False
N05A A Phenothiazines with aliphatic side-chain,319185.45,292461.58,264697.78,233075.59000000003,217303.62,0.0002560198935664,-0.0676689051822202,2,False
N05A B Phenothiazines with piperazine structure,162561.35,153472.41,136860.74,118134.83,116916.1,0.0001377466582388,-0.0103164325034369,3,True
N05A C Phenothiazines with piperidine structure,38968.44,39585.28,42532.89,38762.92,40430.28,4.7633610440819125e-05,0.0430143033600152,1,False
N05A D Butyrophenone derivatives,93128.75,97662.4,107115.52000000002,91280.08000000002,82182.57,9.682476906925574e-05,-0.0996658854812573,1,False
N05A E Indole derivatives,2853.94,2512.1399999999994,2365.0200000000004,2439.94,1947.32,2.2942676202988426e-06,-0.2018984073378854,2,False
N05A F Thioxanthene derivatives,99395.34,112581.52,121391.0,118273.12,120892.17,0.0001424311315955,0.0221440848098029,3,True
"N05A H Diazepines, oxazepines, thiazepines and oxepines",504694.45,616438.67,734552.52,756917.36,935659.68,0.0011023630977154,0.2361450925104953,3,True
N05A L Benzamides,466544.8,516104.22,589709.71,515034.47,552561.63,0.0006510097240969,0.0728633949490797,3,True
N05A N Lithium,8698.949999999999,10406.04,12480.240000000002,12904.37,13982.47,1.6473680839718157e-05,0.0835453416168321,1,False
N05A X Other antipsychotics,189765.04,230147.91,277053.59,279300.42000000004,331787.77,0.0003909013092466,0.1879243504180909,5,True
N05B A Benzodiazepine derivatives,2900115.39,2886473.84,3044955.21,3124612.12,2921176.6100000003,0.0034416330698073,-0.0651074444401758,3,True
N05B B Diphenylmethane derivatives,133721.25,21812.86,128797.88,166079.58000000002,296152.19,0.0003489166547858,0.7831944782133962,1,False
N05B E Azaspirodecanedione derivatives,53060.73,64477.95,80853.0,71944.47,99720.59,0.0001174874805959,0.3860772064899498,1,False
N05B X Other anxiolytics,24061.5,29195.18,42083.45000000001,175055.93000000002,365574.08,0.0004307072153341,1.0883273134477642,3,True
"N05C B Barbiturates, combinations",12955939.02,12105028.72,11669699.91,10577981.81,8833452.63,0.010407279925463,-0.1649207959831043,4,True
N05C D Benzodiazepine derivatives,261660.48,265755.57,278682.09,254708.55,293176.1,0.0003454103245873,0.1510257508042034,2,False
N05C F Benzodiazepine related drugs,330302.63,409613.24,521344.2400000001,499838.62,468537.4900000001,0.0005520152785382,-0.062622472029072,2,False
N05C H Melatonin receptor agonists,235807.17000000004,328114.77,460655.21,361876.88,353609.33,0.0004166107450519,-0.0228463061801571,1,False
N05C M Other hypnotics and sedatives,19716837.94,18735378.27,17074864.09,15376132.95,11851098.07,0.0139625693604477,-0.2292536681012503,26,True
"N05C X Hypnotics and sedatives in combination, excl. barbiturates",4779.06,225882.94,808638.9900000001,492619.7700000001,318262.2900000001,0.000374966038817,-0.3539392663838886,2,False
N06A A Non-selective monoamine reuptake inhibitors,503200.89,476837.02,497056.66,502033.18,564914.68,0.0006655636765172,0.125253673472339,5,True
N06A B Selective serotonin reuptake inhibitors,736229.43,841501.98,1105219.14,1174136.31,1643935.76,0.001936830404874,0.4001234320059481,6,True
N06A X Other antidepressants,331175.81,496114.33,691144.69,655335.08,916297.58,0.0010795513158351,0.3982123160566957,10,True
N06B A Centrally acting sympathomimetics,4013.58,19180.15,40006.73,45507.11,48988.06,5.7716102047561225e-05,0.0764924426095174,3,True
N06B C Xanthine derivatives,659136.4400000001,584199.2699999999,630509.7899999999,514626.5500000001,586708.28,0.0006912401707809,0.1400660925869448,1,False
N06B X Other psychostimulants and nootropics,9922376.5,9283989.41,10065212.24,8412020.47,8489784.22,0.0100023812415371,0.0092443605287613,17,True
N06D A Cholinesterase inhibitors,135006.24000000002,137289.48,153947.24000000005,122255.77999999996,175339.16999999998,0.0002065787750863,0.4341994300801159,4,True
N06D X Other anti-dementia drugs,506017.01,428072.58,447322.49,385752.77,426789.12,0.0005028287383233,0.1063799230787119,2,False
N07A A Anticholinesterases,420266.99,354432.56,389352.86,333649.22,366548.23,0.000431854926446,0.0986035873244361,3,True
N07A X Other parasympathomimetics,569008.72,551683.38,958039.45,684633.75,790973.27,0.0009318983843861,0.1553232220877221,1,False
N07B A Drugs used in nicotine dependence,321608.59,312400.15,325358.0,220076.19,219795.35,0.0002589555669316,-0.0012761035166957,3,True
N07B B Drugs used in alcohol dependence,969728.62,897223.05,983703.24,585070.7400000001,688951.62,0.0008116998714738,0.1775526836293333,5,True
N07B C Drugs used in opioid dependence,417916.51,453227.87,496159.97,499903.21,215623.79,0.0002540407737624,-0.5686689229301007,2,False
N07C A Antivertigo preparations,4201703.37,3612636.24,4107073.82,3361940.3000000003,3744114.45,0.0044111910468377,0.113676661658745,4,True
N07X X Other nervous system drugs,4387242.71,3492778.15,3796210.35,2761264.92,2642752.95,0.0031136035790903,-0.0429194493949535,7,True
P01A A Hydroxyquinoline derivatives,3215.210000000001,68.94,0.0,0.0,0.0,0.0,,1,False
P01A B Nitroimidazole derivatives,447014.82,387887.13,398616.13,249965.68,298709.99,0.0003519301696263,0.1950040101505135,3,True
P01A X Other agents against amoebiasis and other protozoal diseased,9997.35,5231.6900000000005,3763.3400000000006,0.0,0.0,0.0,,1,False
P01B A Aminoquinolines,24056.34,24816.05,21605.079999999994,21944.840000000004,24938.69,2.9381934638205607e-05,0.1364261484704374,2,False
P01B C Methanolquinolines,288.02,0.0,0.0,0.0,0.0,0.0,,1,False
P02C A Benzimidazole derivatives,3976254.85,3341636.69,3280333.79,2504244.35,3001953.57,0.0035368017959511,0.1987462685100998,2,False
P02C B Piperazine and derivatives,154834.45,91748.21,5342.790000000001,84.19,0.0,0.0,-1.0,1,False
P02C C Tetrahydropyrimidine derivatives,462824.37,370197.8000000001,326401.27,246521.25000000003,271638.68000000005,0.0003200356530743,0.101887484344656,1,False
P02C E Imidazothiazole derivatives,225446.73,181491.9,172094.01,127727.12,135587.91,0.0001597451634127,0.061543625190954,1,False
P02C X Other antinematodals,95033.23,78021.19,57005.73,35939.12,52684.27,6.207085366559257e-05,0.4659309966409861,1,False
"P03A C Pyrethrines, incl. synthetic compounds",105764.97,97503.51,79003.88999999998,65914.97,100574.96,0.0001184940708978,0.5258288064152952,3,True
"P03A X Other ectoparasiticides, incl. scabicides",840386.11,663953.65,619913.73,480740.53,502318.64,0.0005918151052854,0.0448851483356311,3,True
"R01A A Sympathomimetics, plain",40203997.41,36619444.18,41086099.96,33796729.76,37822449.29,0.0445611510827403,0.1191156528630952,5,True
"R01A B Sympathomimetics, combinations excl. corticosteroids",2642130.33,2437316.54,3303148.3,2502961.68,2964978.73,0.0034932392699267,0.1845881435947511,10,True
"R01A C Antiallergic agents, excl. corticosteroids",88725.91,81356.17,77838.41,65986.62,55169.85999999999,6.499929308712502e-05,-0.1639235348014491,3,True
R01A D Corticosteroids,2124878.68,1848544.3,2425935.71,1797646.62,2524783.5,0.0029746158989353,0.4044937819870291,9,True
R01A X Other nasal preparations,4130459.04,3515049.0,3654144.9,2282055.94,2402285.83,0.0028302932206682,0.0526849004411347,7,True
R01B A Sympathomimetics,353666.69999999995,326012.2,470013.69,342163.8,952286.04,0.0011219517217686,1.783129132888985,2,False
R02A A Antiseptics,27527651.51,23295810.27,24489489.49,18484720.71,17863042.12,0.0210456417722564,-0.0336320250521112,46,True
R02A B Antibiotics,397928.42,748098.8200000001,717760.3300000001,477117.78,679115.98,0.0008001118477402,0.4233717720601397,1,False
R02A X Other throat preparations,1745507.46,1601276.17,2005885.87,1958930.01,2355110.9,0.0027747132880486,0.2022435145602776,3,True
R03A C Selective beta-2-adrenoceptor agonists,2422299.43,2325508.57,2457635.7300000004,2079350.16,2000281.54,0.0023566651442513,-0.0380256397027426,5,True
"R03A K Adrenergics in combination with corticosteroids or other drugs, excl. anticholinergics",564806.3,585019.08,617453.2999999999,658755.69,1033327.56,0.0012174321437002,0.5686051379685237,3,True
R03A L Adrenergics in combinations with anticholinergics incl. triple combinations with corticosteroids,687828.99,586039.8,705455.6599999999,508722.68000000005,537074.42,0.0006327632086646,0.0557312286529076,5,True
R03B A Glucocorticoids,772125.8099999999,675472.89,978544.59,725310.57,984442.03,0.0011598368390866,0.3572696589820827,3,True
R03B B Anticholinergics,37702.7,36097.32,45374.26,35875.27,146461.79,0.0001725564069634,3.0825278806264045,2,False
R03C C Selective beta-2-adrenoceptor agonists,0.0,0.0,17.77,760.6700000000001,16547.86,1.9496137965634005e-05,20.75432184784466,2,False
R03D A Xanthines,1077930.66,1026451.37,1016499.26,686494.77,531321.55,0.0006259853686769,-0.2260370024377607,4,True
R03D B Xanthines and adrenergics,24.48,0.0,0.0,0.0,0.0,0.0,,1,False
R03D C Leucotriene receptor antagonists,449683.57,449821.06,605188.7200000001,436140.39,559567.2,0.0006592634535368,0.2829978897391272,2,False
R03D X Other systemic drugs for obstructive airway diseases,714862.86,141144.79,121028.58,71849.91,63674.280000000006,7.501891771760276e-05,-0.1137876164354276,2,False
R05C A Expectorants,16152134.59,12613798.4,13529482.1,9092569.22,8457153.12,0.009963936365428,-0.0698830093701502,40,True
R05C B Mucolytics,13661690.04,12710548.65,14846703.32,10160495.08,9664395.7,0.011386269398078,-0.0488262999090002,11,True
R05D B Other cough suppressants,1738688.28,1525224.93,2072231.88,1584559.28,1519072.45,0.0017897206082837,-0.0413281035468739,8,True
R05F A Opium derivatives and expectorants,5190710.77,3050344.55,2895119.25,1620445.42,1277915.39,0.0015055973855137,-0.2113801710149545,2,False
R05F B Other cough suppressants and expectorants,2072205.42,1730382.96,1955057.83,1518375.19,1639695.17,0.0019318342828561,0.0799011870050379,5,True
R05X OTHER COLD PREPARATIONS,9156845.37,7868759.45,9419050.9,6286171.6,6315496.58,0.007440707900911,0.0046649983274398,23,True
R06A A Aminoalkyl ethers,4158033.48,4084485.409999999,4617237.15,3808174.06,4572503.51,0.0053871714698641,0.2007075931818096,3,True
R06A B Substituted alkylamines,365675.33,321354.23,385082.25,260409.98,295909.72,0.0003486309847008,0.1363225019256173,1,False
R06A C Substituted ethylene diamines,1242292.33,1119687.09,1282194.78,1038384.5,1072529.01,0.0012636179875285,0.0328823379008449,1,False
R06A E Piperazine derivatives,3806159.14,3555180.52,3630506.85,3003196.67,3589155.7800000003,0.0042286238986208,0.1951118006534018,3,True
R06A X Other antihistamines for systemic use,10335087.05,9145960.76,9753726.49,7217109.77,8524545.809999999,0.0100433361900648,0.1811578431901832,12,True
R07A A Lung surfactants,0.0,0.4,0.55,0.3399999999999999,1.46,1.7201234135305501e-09,3.2941176470588243,1,False
R07A B Respiratory stimulants,3021749.24,2988698.03,2476872.21,2391872.5300000003,2851254.93,0.0033592536733132,0.1920597332166358,2,False
R07A X Other respiratory system products,350865.07,377130.13,362421.37,200368.59,236718.62,0.0002788940004661,0.1814158097334519,1,False
S01A A Antibiotics,1933330.48,1651970.93,1740802.46,1245298.12,1691434.74,0.0019927921224198,0.3582568806897419,5,True
S01A B Sulfonamides,1339541.73,1059025.84,1016698.46,710786.09,755302.4,0.0008898721524217,0.0626296865207365,1,False
S01A D Antivirals,680403.38,969614.19,370148.95,207469.97,252224.9,0.0002971629835379,0.2157176289175728,3,True
S01A E Fluoroquinolones,998224.92,866543.4400000001,888298.91,657834.76,752855.83,0.0008869896850657,0.1444451947172873,4,True
S01A X Other antiinfectives,702087.63,512702.68,458087.87,356293.77,381964.72,0.0004500181219278,0.0720499547325792,4,True
"S01B A Corticosteroids, plain",916361.5,789122.5199999999,829274.83,721325.28,835052.95,0.0009838315964607,0.1576648887170568,2,False
"S01B C Antiinflammatory agents, non-steroids",327309.35,304859.24,322777.44,253046.73,303946.63,0.0003580998046073,0.2011482227017911,5,True
S01C A Corticosteroids and antiinfectives in combination,948248.49,815730.2,1015144.13,828434.3500000001,1092545.22,0.001287200420043,0.3188072416359846,4,True
S01E A Sympathomimetics in glaucoma therapy,107796.69,115466.46,137229.74,134601.91000000003,152042.68,0.0001791316258383,0.1295729755989343,1,False
S01E B Parasympathomimetics,158941.63999999998,137055.09000000003,126005.82,98637.96,90157.73,0.0001062208371806,-0.0859732906073889,2,False
S01E C Carbonic anhydrase inhibitors,485142.11,514767.04,555159.8099999999,513443.63,560271.33,0.0006600930360704,0.0912031959574606,4,True
S01E D Beta blocking agents,1644933.03,1563131.35,1638191.01,1429496.92,1585344.69,0.0018678003560173,0.109022809227179,9,True
S01E E Prostaglandin analogues,727815.1900000001,729048.81,785080.5599999999,737977.1900000001,827098.1399999999,0.0009744595040421,0.1207638274023075,5,True
S01F A Anticholinergics,96668.98,80749.92,99707.19,81286.25,100291.99,0.0001181606850606,0.2338124836611357,4,True
S01F B Sympathomimetics excl. antiglaucoma preparations,229303.12,181867.19,213750.58,150110.32,181517.99,0.000213858455189,0.2092305845460857,1,False
S01G A Sympathomimetics used as decongestants,1142032.84,1007539.11,1055290.71,760487.2899999999,778371.78,0.0009170517282256,0.0235171451714861,1,False
S01G X Other antiallergics,258123.52,227965.62,246415.38,185701.45,216316.84000000003,0.0002548573022088,0.1648634946038387,4,True
S01H A Local anesthetics,31759.57,26446.35000000001,31218.92,24991.210000000003,32345.62,3.810853307339865e-05,0.2942798688018706,2,False
S01J A Colouring agents,2.7500000000000004,0.0,0.0,0.0,0.0,0.0,,1,False
S01L A Antineovascularisation agents,1407.37,711.1700000000001,954.63,793.7,1767.0,2.081820597060604e-06,1.2262819705178276,2,False
S01X A Other ophthalmologicals,5044621.37,4499308.73,4413503.529999999,3420095.96,3696662.81,0.0043552851037045,0.0808652310445698,16,True
S02A A Antiinfectives,354375.0800000001,266448.42000000004,272800.12,207294.09,234952.66999999995,0.0002768134169441,0.1334267658089045,4,True
S02C A Corticosteroids and antiinfectives in combination,393040.39,367853.28,469947.84,375734.71,489431.53,0.0005766319411459,0.3025986606347866,3,True
S02D A Analgesics and anesthetics,1406081.46,1011386.64,1367366.0099999998,1009935.86,1359638.49,0.0016018808223193,0.3462622170877267,4,True
S03A A Antiinfectives,2250023.42,1856164.0,1945245.83,1599672.3,2139012.91,0.0025201138276267,0.3371569352047916,4,True
S03C A Corticosteroids and antiinfectives in combination,65606.90000000001,51979.89000000001,52791.97,35706.719999999994,43040.03,5.070833104250498e-05,0.2053761868914312,2,False
V01A A Allergen extracts,0.0,0.18,14.54,39.120000000000005,1691.63,1.9930221712538933e-06,42.24207566462167,0,False
V03A B Antidotes,184522.60000000003,175322.46999999997,183121.76,262765.92,250976.9,0.0002956926314693,-0.0448651027500065,8,True
V03A C Iron chelating agents,3.43,1.27,0.3699999999999999,0.4699999999999999,9.34,1.1004077179709134e-08,18.87234042553192,1,False
V03A E Drugs for treatment of hyperkalemia and hyperphosphatemia,20.72,83.72999999999999,380.85,360.85,344.89000000000004,4.063379206113366e-07,-0.0442289039767215,1,False
V03A F Detoxifying agents for antineoplastic treatment,7332.69,6418.63,8828.650000000001,6254.089999999999,7471.4,8.80255484373435e-06,0.1946422261272224,3,True
V03A X Other therapeutic products,465622.08,441438.39,516203.2,348684.99000000005,463885.03,0.0005465339049926,0.3303842818126468,0,False
V04C A Tests for diabetes,49919.41,39730.7,39244.25000000001,30563.259999999995,44689.2,5.26513282547599e-05,0.4621869525698505,1,False
V04C F Tuberculosis diagnostics,662.4800000000001,1535.06,1286.91,870.6600000000001,278.21000000000004,3.277777636152975e-07,-0.680460799852985,0,False
V04C J Tests for thyreoidea function,0.03,0.0,0.0,0.0,0.0,0.0,,1,False
V04C X Other diagnostic agents,0.0,0.0,0.0,0.0,2.63,3.0985784777981822e-09,,0,False
"V06D D Amino acids, incl. combinations with polypeptides",9072.93,12988.89,15193.670000000002,17012.24,22378.36,2.636543903590104e-05,0.315427010199715,0,False
"V07A B Solvents and diluting agents, incl. irrigating solutions",1878594.77,2126541.97,2171377.04,1039218.03,831271.04,0.0009793758759547,-0.2000994824926198,2,False
"V08A A Watersoluble, nephrotropic, high osmolar X-ray contrast media",20322.53,15505.22,15381.009999999998,9219.63,9498.04,1.119027464839021e-05,0.0301975241956566,1,False
"V08A B Watersoluble, nephrotropic, low-osmolar X-ray contrast media",23047.22,25245.15,82061.11999999998,59068.6,51941.420000000006,6.119565251645478e-05,-0.120659368937134,4,True
V08B A Barium sulfate containing X-ray contrast media,101354.41,60089.03,49672.58,37408.46,41260.35,4.861157129141454e-05,0.1029684194430884,1,False
V08C A Paramagnetic contrast media,7155.08,4848.84,6376.17,5354.15,7525.030000000001,8.865739925013559e-06,0.4054574488947828,5,True
