anchor,base_rate,Precision@10,Lift@10,Precision@20,Lift@20,NDCG@20,model,split
2021-07-01,0.25016589250165894,0.24503311258278146,0.9794824951253359,0.24503311258278146,0.9794824951253359,0.25016589250165894,Base rate,validation
2021-08-01,0.2503311258278146,0.26490066225165565,1.0582010582010581,0.25165562913907286,1.0052910052910053,0.2503311258278145,Base rate,validation
2021-09-01,0.2504943968358603,0.2236842105263158,0.8929709141274237,0.26644736842105265,1.063685941828255,0.2504943968358602,Base rate,validation
2021-10-01,0.2501650165016502,0.28289473684210525,1.1308325232606582,0.297029702970297,1.1873350923482848,0.2501650165016502,Base rate,validation
2021-11-01,0.2504943968358603,0.2631578947368421,1.0505540166204985,0.28618421052631576,1.142477493074792,0.2504943968358602,Base rate,validation
2021-12-01,0.25016414970453055,0.23529411764705882,0.9405589007256445,0.25901639344262295,1.0353857407168365,0.25016414970453055,Base rate,validation
2021-07-01,0.25016589250165894,0.6158940397350994,2.461942487747466,0.5529801324503312,2.2104537389990693,0.5650328228180422,Logistic L2,validation
2021-08-01,0.2503311258278146,0.5496688741721855,2.195767195767196,0.5364238410596026,2.142857142857143,0.5212500135133525,Logistic L2,validation
2021-09-01,0.2504943968358603,0.40789473684210525,1.6283587257617727,0.4144736842105263,1.6546225761772853,0.40862518873614007,Logistic L2,validation
2021-10-01,0.2501650165016502,0.5131578947368421,2.051277600333287,0.4752475247524752,1.8997361477572556,0.46787172024720053,Logistic L2,validation
2021-11-01,0.2504943968358603,0.506578947368421,2.0223164819944595,0.4934210526315789,1.9697887811634347,0.4859834951004532,Logistic L2,validation
2021-12-01,0.25016414970453055,0.5163398692810458,2.0640042543701647,0.46229508196721314,1.8479669549503033,0.4556005306273205,Logistic L2,validation
2021-07-01,0.25016589250165894,0.6158940397350994,2.461942487747466,0.5596026490066225,2.236926238867321,0.5706538672738551,Elastic Net,validation
2021-08-01,0.2503311258278146,0.5629139072847682,2.2486772486772484,0.543046357615894,2.1693121693121693,0.5302268157505888,Elastic Net,validation
2021-09-01,0.2504943968358603,0.4144736842105263,1.6546225761772853,0.40789473684210525,1.6283587257617727,0.4031792694973649,Elastic Net,validation
2021-10-01,0.2501650165016502,0.5131578947368421,2.051277600333287,0.4752475247524752,1.8997361477572556,0.4719199175394132,Elastic Net,validation
2021-11-01,0.2504943968358603,0.5197368421052632,2.0748441828254847,0.4934210526315789,1.9697887811634347,0.4914033453879092,Elastic Net,validation
2021-12-01,0.25016414970453055,0.5163398692810458,2.0640042543701647,0.46229508196721314,1.8479669549503033,0.45822299670315697,Elastic Net,validation
2021-07-01,0.25016589250165894,0.7682119205298014,3.0708099847172696,0.6887417218543046,2.7531399862982413,0.7290378841971256,Random Forest,validation
2021-08-01,0.2503311258278146,0.7549668874172185,3.015873015873016,0.6324503311258278,2.5264550264550265,0.6712111990336332,Random Forest,validation
2021-09-01,0.2504943968358603,0.4868421052631579,1.9435249307479223,0.42105263157894735,1.6808864265927974,0.4403739963180911,Random Forest,validation
2021-10-01,0.2501650165016502,0.5986842105263158,2.393157200388835,0.5148514851485149,2.0580474934036936,0.5370308370377306,Random Forest,validation
2021-11-01,0.2504943968358603,0.625,2.495065789473684,0.5657894736842105,2.2586911357340718,0.5902867622637719,Random Forest,validation
2021-12-01,0.25016414970453055,0.6339869281045751,2.5342837047329865,0.5540983606557377,2.21493911621703,0.5761711017637995,Random Forest,validation
2021-07-01,0.25016589250165894,0.7682119205298014,3.0708099847172696,0.6688741721854304,2.6737224866934843,0.7077367288144817,Gradient Boosting,validation
2021-08-01,0.2503311258278146,0.7417218543046358,2.962962962962963,0.5993377483443708,2.394179894179894,0.6376312888638818,Gradient Boosting,validation
2021-09-01,0.2504943968358603,0.40789473684210525,1.6283587257617727,0.41776315789473684,1.6677545013850414,0.4285335719182659,Gradient Boosting,validation
2021-10-01,0.2501650165016502,0.5789473684210527,2.3142619080683238,0.49834983498349833,1.9920844327176779,0.5156856533047038,Gradient Boosting,validation
2021-11-01,0.2504943968358603,0.618421052631579,2.4688019390581717,0.5263157894736842,2.101108033240997,0.5465147026315955,Gradient Boosting,validation
2021-12-01,0.25016414970453055,0.5947712418300654,2.377523887945379,0.5344262295081967,2.136302224517017,0.5483764186277622,Gradient Boosting,validation
2023-01-01,0.25048669695003245,0.25161290322580643,1.0044960722045795,0.26537216828478966,1.0594261951473078,0.25048669695003245,Base rate,test
2023-02-01,0.2503250975292588,0.23376623376623376,0.9338505650193961,0.2564935064935065,1.0246415921740597,0.25032509752925874,Base rate,test
2023-03-01,0.2503250975292588,0.2077922077922078,0.8300893911283521,0.2305194805194805,0.9208804182830156,0.25032509752925874,Base rate,test
2023-04-01,0.25,0.18831168831168832,0.7532467532467533,0.237012987012987,0.948051948051948,0.24999999999999997,Base rate,test
2023-05-01,0.2503225806451613,0.21935483870967742,0.8762886597938145,0.23870967741935484,0.9536082474226805,0.2503225806451612,Base rate,test
2023-06-01,0.2503242542153048,0.22580645161290322,0.9020558248370383,0.24271844660194175,0.9696161778761507,0.2503242542153048,Base rate,test
2023-01-01,0.25048669695003245,0.5032258064516129,2.008992144409159,0.47896440129449835,1.9121350839244091,0.48941278542349337,Logistic L2,test
2023-02-01,0.2503250975292588,0.5194805194805194,2.07522347782088,0.5162337662337663,2.0622533310845,0.5279521976500916,Logistic L2,test
2023-03-01,0.2503250975292588,0.5064935064935064,2.023342890875358,0.45454545454545453,1.8158205430932701,0.4575943349327022,Logistic L2,test
2023-04-01,0.25,0.474025974025974,1.896103896103896,0.4577922077922078,1.8311688311688312,0.4748657163725122,Logistic L2,test
2023-05-01,0.2503225806451613,0.5032258064516129,2.0103092783505154,0.46774193548387094,1.8685567010309279,0.48817780514105213,Logistic L2,test
2023-06-01,0.2503242542153048,0.5806451612903226,2.3195721210095273,0.5145631067961165,2.0555862970974395,0.5277598469114183,Logistic L2,test
2023-01-01,0.25048669695003245,0.49032258064516127,1.9574795253217447,0.47572815533980584,1.8992152522762715,0.48660062766568213,Elastic Net,test
2023-02-01,0.2503250975292588,0.5194805194805194,2.07522347782088,0.5162337662337663,2.0622533310845,0.5276428339200661,Elastic Net,test
2023-03-01,0.2503250975292588,0.5,1.9974025974025973,0.461038961038961,1.8417608365660312,0.46191573004883907,Elastic Net,test
2023-04-01,0.25,0.4805194805194805,1.922077922077922,0.45454545454545453,1.8181818181818181,0.47211408994043236,Elastic Net,test
2023-05-01,0.2503225806451613,0.5032258064516129,2.0103092783505154,0.46774193548387094,1.8685567010309279,0.488561350532539,Elastic Net,test
2023-06-01,0.2503242542153048,0.5741935483870968,2.2937990974427547,0.517799352750809,2.0685145128024547,0.5301210853128585,Elastic Net,test
2023-01-01,0.25048669695003245,0.6258064516129033,2.4983620257395955,0.5760517799352751,2.2997300333685464,0.6102786219406872,Random Forest,test
2023-02-01,0.2503250975292588,0.6688311688311688,2.671850227694383,0.5941558441558441,2.3735368527576317,0.6107899320033756,Random Forest,test
2023-03-01,0.2503250975292588,0.564935064935065,2.2568055321302074,0.5227272727272727,2.0881936245572605,0.5376665190730127,Random Forest,test
2023-04-01,0.25,0.525974025974026,2.103896103896104,0.5097402597402597,2.038961038961039,0.528294796836122,Random Forest,test
2023-05-01,0.2503225806451613,0.5806451612903226,2.3195876288659796,0.5290322580645161,2.11340206185567,0.5654265652525449,Random Forest,test
2023-06-01,0.2503242542153048,0.6903225806451613,2.7577135216446598,0.598705501618123,2.391719905427838,0.6440461494638086,Random Forest,test
2023-01-01,0.25048669695003245,0.6258064516129033,2.4983620257395955,0.5501618122977346,2.196371380183443,0.5845525536565888,Gradient Boosting,test
2023-02-01,0.2503250975292588,0.6688311688311688,2.671850227694383,0.5941558441558441,2.3735368527576317,0.6248052746192536,Gradient Boosting,test
2023-03-01,0.2503250975292588,0.577922077922078,2.3086861190757295,0.5032467532467533,2.010372744138978,0.5258830949380262,Gradient Boosting,test
2023-04-01,0.25,0.538961038961039,2.155844155844156,0.5162337662337663,2.064935064935065,0.5288572781969855,Gradient Boosting,test
2023-05-01,0.2503225806451613,0.6258064516129033,2.5000000000000004,0.535483870967742,2.139175257731959,0.5681362319715627,Gradient Boosting,test
2023-06-01,0.2503242542153048,0.7483870967741936,2.9896707337456125,0.598705501618123,2.391719905427838,0.647920215277925,Gradient Boosting,test
