INN,SKU_A,SKU_B,diff_log_correlation,same_form,strength_A,strength_B
ABIRATERONE,661031,598784,-0.2235592781919691,True,500.0,500.0
ABIRATERONE,661031,598839,-0.25749752091343675,True,500.0,250.0
ABROCITINIBUM,870093,870092,-0.2115617154957963,True,100.0,200.0
ACECLOFENACUM,171297,171298,-0.22305675716526788,True,100.0,100.0
ACECLOFENACUM,735034,153387,-0.23859012895616888,False,100.0,100.0
ACHILLEA MILLEFOLIUM*&+CALENDULA OFFICINALIS*&+POTENTILLA ALBA/ERECTA*+PROPOLIS*+SOPHORA JAPONICA*&,45719,45718,-0.26065402123691606,True,,
ACHILLEA MILLEFOLIUM+CORIANDRUM SATIVUM+HELICHRYSUM ARENARIUM+MENTHA PIPERITA,49953,13798,-0.24516584691995288,True,,
ACIDUM ACETYLSALICYLICUM*+VITAMIN C,62918,62917,-0.2396309465184556,True,,
ACIDUM ADENOSINTRIPHOSPHORICUM*,169175,74808,-0.7171606319458853,False,,10.0
ACIDUM ADENOSINTRIPHOSPHORICUM*,74812,41365,-0.31572383452024766,True,20.0,20.0
ACIDUM ALENDRONICUM,392597,392598,-0.2231338467229925,True,10.0,70.0
ACIDUM ALGINICUM*+CALCII CARBONAS*+NATRII HYDROCARBONAS*,174173,389662,-0.21137829702210986,True,,
ACIDUM AZELAICUM,77260,100126,-0.31751712991451425,True,,
ACIDUM AZELAICUM,79643,100126,-0.3110123273966444,True,,
ACIDUM BENZOICUM+ACIDUM MALICUM*+ACIDUM SALICYLICUM*,111557,111559,-0.344977580076997,True,,
ACIDUM CITRICUM+MAGNESII OXYDUM*+NATRII PICOSULFAS,149306,150761,-0.22780803404963987,True,,
ACIDUM CROMOGLICICUM,145692,62640,-0.2412989996963306,False,,
ACIDUM FUSIDICUM,313636,129887,-0.27824382968057665,False,,
ACIDUM FUSIDICUM,313636,136024,-0.24922546355542294,False,,
ACIDUM FUSIDICUM,75402,75401,-0.2058375534476543,True,,
ACIDUM HOPANTENICUM,389686,188123,-0.44904334988520006,True,250.0,250.0
ACIDUM IBANDRONICUM,697697,402567,-0.4690863224288236,True,50.0,50.0
ACIDUM PAMIDRONICUM,82836,75707,-0.374074006676345,True,90.0,
ACIDUM PAMIDRONICUM,75709,75707,-0.21574316292403092,True,,
ACIDUM RISEDRONICUM,92275,190527,-0.40247891103107003,True,35.0,35.0
ACIDUM RYBONUCLEINICUM*,110667,580579,-0.5324048404604554,True,250.0,250.0
ACIDUM RYBONUCLEINICUM*,117696,580579,-0.8046158327782372,True,250.0,250.0
ACIDUM TIAZOTICUM+PIRACETAMUM,95135,95134,-0.5285821026559289,True,,
ACORUS CALAMUS*&,9770,84661,-0.36043184532428724,True,,
ACORUS CALAMUS*&,9770,68649,-0.21100869883370357,True,,
ADALIMUMAB,128339,128337,-0.2967157196820184,True,,
ADAPALENUM+CLINDAMYCINUM,118531,328124,-0.35048233012931473,True,,
AESCINUM*,130293,546637,-0.2689881019657807,False,,50.0
ALBENDAZOLUM,190310,-190310,-0.4751755546451277,True,400.0,400.0
ALBUMINUM HUMANUM*,308543,790752,-0.2548720406517276,True,,
ALBUMINUM HUMANUM*,790752,667862,-0.22520568029395638,True,,
ALBUMINUM HUMANUM*,790749,667862,-0.2357565516182931,True,,
ALFA-BROMISOVALERIC ACID ETHYL ETHER*+MENTHA PIPERITA+PHENOBARBITALUM,178877,7671,-0.4118600983908589,False,,
ALFA-BROMISOVALERIC ACID ETHYL ETHER*+MENTHA PIPERITA+PHENOBARBITALUM,178878,7671,-0.44566940132255184,False,,
ALFA-BROMISOVALERIC ACID ETHYL ETHER*+MENTHA PIPERITA+PHENOBARBITALUM,178878,343005,-0.2018246147017591,False,,
ALFA-BROMISOVALERIC ACID ETHYL ETHER*+MENTHA PIPERITA+PHENOBARBITALUM,7671,191526,-0.47032860225886086,True,,
ALFA-BROMISOVALERIC ACID ETHYL ETHER*+MENTHA PIPERITA+PHENOBARBITALUM,343006,191526,-0.21454806598515508,True,,
ALLANTOINUM*+POVIDONUM,176113,545635,-0.21096566934169972,True,,
ALLIUM SATIVUM+CARBO ACTIVATUS MEDICINALIS*+CHOLE MEDICATA CONSERVATA*+URTICA DIOICA,7097,271306,-0.924753787648477,True,,
ALLIUM SATIVUM+CARBO ACTIVATUS MEDICINALIS*+CHOLE MEDICATA CONSERVATA*+URTICA DIOICA,7096,271306,-0.9248785950527866,True,,
ALVERINUM+SIMETICONUM,18271,258501,-0.4078254830413568,True,,
AMBROXOLUM+CARBOCISTEINUM,72061,159878,-0.9227720044606654,True,,
AMINOCAPRONIC ACID,297678,83882,-0.227254762005307,True,,
AMINOPHYLLINUM,82487,7209,-0.3884633706203748,True,100.0,300.0
AMINOPHYLLINUM,7209,82485,-0.49985994509513704,True,300.0,300.0
AMIODARONUM,167783,546285,-0.3003539981996032,True,200.0,200.0
AMISULPRIDUM,126545,126544,-0.3716472653964972,True,200.0,200.0
AMISULPRIDUM,126545,126542,-0.38444255223490886,True,200.0,100.0
AMITRIPTYLINE,54808,179809,-0.30625545779258506,True,25.0,25.0
AMLODIPINUM,125394,412509,-0.35594409953485384,True,10.0,10.0
AMLODIPINUM+INDAPAMIDUM+PERINDOPRILUM,372217,372133,-0.43080300201779337,True,,
AMLODIPINUM+INDAPAMIDUM+PERINDOPRILUM,372197,372157,-0.41617076360757094,True,,
AMLODIPINUM+INDAPAMIDUM+PERINDOPRILUM,372157,372133,-0.5872179204365444,True,,
AMLODIPINUM+VALSARTANUM,326747,175954,-0.20543277714005806,True,,
AMOROLFINUM,292105,471583,-0.33037104072752754,True,,
AMOROLFINUM,292105,360739,-0.2496871865623719,True,,
ANASTROZOLUM,378658,174270,-0.21367080495122093,True,1.0,1.0
ANETHOLUM*+DICHLOROBENZYL ALCOHOL*+MENTHA PIPERITA+MENTHOLUM*,111920,111918,-0.44243507423914974,True,,
ANETHOLUM*+DICHLOROBENZYL ALCOHOL*+MENTHA PIPERITA+MENTHOLUM*,111916,54163,-0.2166966530959464,True,,
ANETHUM GRAVEOLENS*&,-69847,13443,-0.2153874390559441,True,,
APROTININUM,136803,136802,-0.6153768297351121,True,,
ARTEMISIA ABSINTHIUM+ATROPA BELLADONNA+MENTHA PIPERITA+VALERIANA,112590,112591,-0.24838359991076622,True,,
ARTICAINUM+EPINEPHRINUM,70073,140732,-0.36012159535257166,True,,
ARTICAINUM+EPINEPHRINUM,70073,63503,-0.28322836417080227,True,,
ATENOLOLUM+CHLORTALIDONUM,451141,38553,-0.3705049099412173,True,,
ATOMOXETINUM,105524,105525,-0.20268298790110117,True,10.0,18.0
AVISAN*+EQUISETUM ARVENSE*&+HYPERICUM PERFORATUM*&+POLYGONUM AVICULARE*&,164893,164894,-0.2206283056017359,True,,
AZOXIMERI BROMIDUM,75711,109984,-0.2837664597167811,False,6.0,12.0
BENDAMUSTINE,153393,442160,-0.37795118779444464,True,100.0,25.0
BENDAZOLUM+METAMIZOLUM NATRICUM+PAPAVERINUM*,134962,112233,-0.7014977632352756,True,,
BENZOCAINUM+CHLORHEXIDINUM+ENOXOLONUM,115547,115548,-0.23937424524641462,True,,
BENZOCAINUM+LEVOMENTHOLUM+PROCAINUM,221386,94633,-0.21326070231631042,True,,
BENZOCAINUM+LEVOMENTHOLUM+PROCAINUM,221386,111869,-0.294132316815003,True,,
BENZOCAINUM+MENTHOLUM*+PROCAINUM,519424,7199,-0.23231073767191615,True,,
BENZOCAINUM+MENTHOLUM*+PROCAINUM,39107,900690,-0.23992260075248492,True,,
BETAMETHASONUM,703346,305457,-0.28578885615853183,True,,
BETAMETHASONUM+CALCIPOTRIOLUM,878580,95429,-0.2453754215883504,True,,
BETAMETHASONUM+CALCIPOTRIOLUM,683160,95429,-0.27202156509500613,True,,
BETAMETHASONUM+CLOTRIMAZOLUM+GENTAMICINUM,154646,9236,-0.36956886102179953,True,,
BICALUTAMIDUM,105599,342963,-0.28451166676864403,True,150.0,150.0
BIDENS TRIPARTITES*&,-49582,-110790,-0.25255963280324,True,,
BIDENS TRIPARTITES+CALENDULA+EUCALYPTUS VIMINALIS+GLYCYRRHIZA GLABRA/URALENSIS+MATRICARIA CHAMOMILLA+SALVIA,316596,316595,-0.6122985841484271,True,,
BIDENS TRIPARTITES+CALENDULA+EUCALYPTUS VIMINALIS+GLYCYRRHIZA GLABRA/URALENSIS+MATRICARIA CHAMOMILLA+SALVIA,316594,316595,-0.40584767345292716,True,,
BIFONAZOLUM,165428,165429,-0.9952321675396619,True,,
BISACODYLUM,3496,40427,-0.23386792692530697,True,5.0,5.0
BISMUTHI SUBCITRAS*,35768,25878,-0.306540200000479,True,120.0,120.0
BORTEZOMIBUM,502464,502484,-0.3915051990692848,True,3.5,3.5
BORTEZOMIBUM,502464,360311,-0.25963127313686346,True,3.5,3.5
BORTEZOMIBUM,502484,360311,-0.32192884692515844,True,3.5,3.5
BRIMONIDINUM,653762,501643,-0.23330187347842346,True,,
BRIMONIDINUM,653762,127337,-0.4670148673918134,True,,
BRIMONIDINUM,501643,706326,-0.3169188972657198,True,,
BRIMONIDINUM,501643,868058,-0.3602525274618243,True,,
BRIMONIDINUM,127337,706326,-0.32639010508986777,True,,
BRIMONIDINUM,127337,868058,-0.46943614080503465,True,,
BUDESONIDUM+FORMOTEROLUM,765617,88725,-0.22410949637259922,True,,
BUPRENORPHINUM,129271,129275,-0.29601532342363485,True,0.2,2.0
CALAMAGROSTIS EPIGEIOS*+DESCHAMPSIA CAESPITOSA*,34977,495111,-0.8887440764607892,True,,
CALAMAGROSTIS EPIGEIOS*+DESCHAMPSIA CAESPITOSA*,34977,495110,-0.9618053500750972,True,,
CALAMAGROSTIS EPIGEIOS*+DESCHAMPSIA CAESPITOSA*,34977,547023,-0.2704921009177982,True,,
CALAMAGROSTIS EPIGEIOS*+DESCHAMPSIA CAESPITOSA*,34977,547021,-0.23865805179118443,True,,
CALAMAGROSTIS EPIGEIOS*+DESCHAMPSIA CAESPITOSA*,34976,495111,-0.8884544519081408,True,,
CALAMAGROSTIS EPIGEIOS*+DESCHAMPSIA CAESPITOSA*,34976,495110,-0.9615014082238662,True,,
CALAMAGROSTIS EPIGEIOS*+DESCHAMPSIA CAESPITOSA*,34976,547023,-0.27437190766144165,True,,
CALAMAGROSTIS EPIGEIOS*+DESCHAMPSIA CAESPITOSA*,34976,547021,-0.2436274725081366,True,,
CALCII CHLORIDUM*+HYDROXYETHYLAMYLUM*+KALII CHLORIDUM*+MAGNESII CHLORIDUM*+NATRII CHLORIDUM*+NATRII LACTAS*+XYLITOLUM*,233758,233755,-0.23784411997675783,True,,
CALCII FOLINAS,783313,362304,-0.33305166100639966,True,200.0,100.0
CALCII FOLINAS,330902,448224,-0.2297387959830771,True,,500.0
CALENDULA OFFICINALIS*&,112091,442798,-0.25589645907253533,False,,
CALENDULA OFFICINALIS*&+CORIANDRUM SATIVUM*&+GLYCYRRHIZA GLABRA/URALENSIS*&+MELILOTUS OFFICINALIS*+SILYBUM MARIANUM*&,63144,14072,-0.4247357560305971,True,,
CAMPHORA*+CARYOPHYLLUS AROMATICUS*&+EUCALYPTUS VIMINALIS*&+MENTHOLUM*,112607,123539,-0.25130141790954486,True,,
CAMPHORA*+CARYOPHYLLUS AROMATICUS*&+EUCALYPTUS VIMINALIS*&+MENTHOLUM*,112607,94574,-0.2119362758010348,True,,
CAMPHORA*+CINEOLUM+LEVOMENTHOLUM+OXYMETAZOLINUM,-110731,110731,-0.3721425807364168,True,30000.0,30000.0
CAMPHORA*+SPIRITUS AETHYLICUS*,200595,20402,-0.5575654366037439,True,,
CANDESARTANUM,187941,44849,-0.2610413576640332,True,8.0,16.0
CANDESARTANUM+HYDROCHLOROTHIAZIDUM,409379,797708,-0.9810599009869666,True,,
CANDESARTANUM+HYDROCHLOROTHIAZIDUM,165989,792580,-0.6706307640434569,True,,
CANDESARTANUM+HYDROCHLOROTHIAZIDUM,165984,792580,-0.6806442470440639,True,,
CAPECITABINUM,389669,362374,-0.24389076268385154,True,500.0,500.0
CARBIDOPA+LEVODOPA*,18540,586562,-0.5448935497119852,True,,
CARBOPLATINUM,353042,18173,-0.20290199531605238,True,,450.0
CARBOPLATINUM,117835,18173,-0.2949945528500781,True,450.0,450.0
CARVEDILOLUM,539243,47804,-0.25507626789491245,True,25.0,6.25
CEFALEXINUM,21623,8834,-0.45240424162421555,False,250.0,
CEFALEXINUM,21623,18562,-0.25027233253122155,False,250.0,
CEFALEXINUM,8834,18562,-0.4531396265559251,True,,
CEFAZOLINUM,630833,43231,-0.3218976335524492,True,1000.0,500.0
CEFOPERAZONUM+SULBACTAMUM,597264,200626,-0.2033264274852107,True,,
CELECOXIBUM,81339,141448,-0.25529211951643,True,200.0,200.0
CELECOXIBUM,81339,44542,-0.21519905132364736,True,200.0,200.0
CETIRIZINUM+PARACETAMOLUM+PHENYLEPHRINUM,226051,226041,-0.3767293255661988,True,,
CHLORAMPHENICOLUM+METHYLURACILUM*,18102,83891,-0.21150910900009448,True,,
CHLORAMPHENICOLUM+METHYLURACILUM*,92873,600933,-0.2128237619567345,True,,
CHLORAMPHENICOLUM+METHYLURACILUM*,7367,-83891,-0.2830686723738442,True,,
CHLORHEXIDINUM+DEXPANTHENOLUM,107597,449537,-0.44339328527678085,True,,
CHLORHEXIDINUM+LIDOCAINUM,407238,466719,-0.29235680387048435,True,,
CHLORHEXIDINUM+LIDOCAINUM,84779,84777,-0.35224719054453074,True,,
CHLORHEXIDINUM+LIDOCAINUM,84778,84777,-0.2866279573134092,True,,
CHLORHEXIDINUM+METRONIDAZOLUM,324914,29723,-0.20402403077936448,True,,
CHLORHEXIDINUM+METRONIDAZOLUM,-174098,174098,-0.43710867448172747,True,,
CHLORHEXIDINUM+METRONIDAZOLUM,174098,29723,-0.2918774997471158,True,,
CHLORMADINONUM + ETHINYLESTRADIOLUM,267004,67544,-0.24394427911558172,True,,
CHLORPROMAZINE,126240,285597,-0.9027315973754859,True,100.0,100.0
CHLORPROMAZINE,30298,285597,-0.20425236679564363,False,,100.0
CHLORPROTHIXENE,155298,28872,-0.2174688164810409,True,25.0,25.0
CHONDROITINI SULFAS*,100099,178579,-0.3003187931838221,True,,
CILOSTASOLUM,265203,265204,-0.40237938032323983,True,50.0,50.0
CIMICIFUGA RACEMOSA*&,72023,3933,-0.22166754405841058,True,,
CINCHOCAINUM+DEQUALINII CHLORIDUM,275046,886834,-0.9480593708653411,True,,
CINCHOCAINUM+DEQUALINII CHLORIDUM,886834,275044,-0.9559371633422286,True,,
CINNARIZINUM+PIRACETAMUM,126944,80581,-0.21826098660030968,True,,
CIPROFLOXACINUM,568541,36390,-0.46435300434295923,True,,
CISPLATINUM,407035,67308,-0.21760674835812066,True,,
CISPLATINUM,407035,19719,-0.3144347157961803,True,,100.0
CISPLATINUM,407037,67308,-0.2666176435696481,True,,
CLOBETASOLUM,189053,51917,-0.22101077924234266,True,,
CLOBETASOLUM,76346,51917,-0.25107260175490786,True,,
CLOPIDOGRELUM,546521,639801,-0.28562321445851296,True,75.0,75.0
COCARBOXYLASUM,7429,298298,-0.2916845192935338,True,50.0,50.0
CODEINUM*+CHLORPHENAMINUM,134617,35975,-0.36391766789655056,True,,
CODEINUM*+COFFEINUM*+METAMIZOLUM NATRICUM+PARACETAMOLUM+PHENOBARBITALUM,230101,166742,-0.24376706674616014,True,,
CRATAEGUS L.*&,17031,500173,-0.3619960192684879,True,,
CRATAEGUS L.+LEONURUS CARDIACA/QUINQUELOBATUS GILIB.+TAURINUM,154460,240771,-0.8756981334703123,True,,
CRIDANIMODUM,237253,107805,-0.2025873336035138,False,250.0,150.0
CYNARA SCOLYMUS*&,88541,111746,-0.26878802855496137,True,200.0,200.0
CYNARA SCOLYMUS*&,111746,274974,-0.20471790962473524,True,200.0,400.0
DAPOXETINE,326780,326778,-0.21996951405667758,True,60.0,30.0
DAPOXETINE,326778,501113,-0.22859502022747802,True,30.0,60.0
DENOSUMAB,240822,411711,-0.20223412240733923,True,,
DENOSUMAB,179692,411711,-0.37669229896879364,True,,
DENOSUMAB,179692,179689,-0.20736702964845877,True,,
DENOSUMAB,179694,411711,-0.28525739716348486,True,,
DENOSUMAB,179694,179689,-0.26060128876112615,True,,
DEXAMETHASONUM+TOBRAMYCINUM,762622,70333,-0.4346784573976957,True,,
DEXAMETHASONUM+TOBRAMYCINUM,603038,486,-0.22362790836688962,True,,
DEXAMETHASONUM+TOBRAMYCINUM,257703,486,-0.21429332979657612,True,,
DEXKETOPROFENUM,307581,365035,-0.4011821095105372,False,25.0,25.0
DEXLANSOPRAZOLUM,289638,289640,-0.2395837610336612,True,30.0,60.0
DEXLANSOPRAZOLUM,289642,289636,-0.27032328243230513,True,60.0,30.0
DEXLANSOPRAZOLUM,289642,289640,-0.4597720957192456,True,60.0,60.0
DEXMEDETOMIDINE,754724,877415,-0.6512478803610254,True,,
DEXTRANUM+NATRII CHLORIDUM*,128865,13614,-0.4914975088490919,True,,
DEXTRANUM+NATRII CHLORIDUM*,21329,41195,-0.2223218370980478,True,,
DEXTROSUM*+KALII CHLORIDUM*+NATRII CHLORIDUM*+SODIUM CITRAS*,745481,421503,-0.23313058628245745,True,,
DIACEREINUM,145639,93895,-0.324268607147078,True,50.0,50.0
DIACEREINUM,145639,188791,-0.2109212494690814,True,50.0,50.0
DIAZEPAMUM,389579,85510,-0.33735255477628556,True,5.0,5.0
DICLOFENACUM,62632,136696,-0.386731771158596,True,25.0,50.0
DICLOFENACUM+PARACETAMOLUM,257426,257427,-0.2484567828497109,True,,
DICYCLOVERINUM+SIMETICONUM,134021,132862,-0.2984345738051156,True,,
DICYCLOVERINUM+SIMETICONUM,134021,436942,-0.3251824940877735,True,,
DIGOXINUM,188851,7417,-0.20132319009759272,True,0.1,0.1
DIOXYDINUM*+LIDOCAINUM,110186,21883,-0.28731453313469396,True,,
DIOXYDINUM*+LIDOCAINUM,50506,21883,-0.46428997257924803,True,,
DIOXYDINUM*+LIDOCAINUM,21882,21881,-0.5123775550004709,True,,
DIPHENHYDRAMINUM,111780,37689,-0.24188555507406093,False,,
DIPHENHYDRAMINUM,111779,37689,-0.3210988756983569,False,,
DIPHENHYDRAMINUM,9689,37689,-0.32526346019629265,False,,
DIPYRIDAMOLUM,106110,24034,-0.26436267301297683,True,75.0,75.0
DIPYRIDAMOLUM,106110,4937,-0.2948471987630845,False,75.0,
DIPYRIDAMOLUM,246742,24034,-0.2599495106243628,False,,75.0
DIPYRIDAMOLUM,246742,4937,-0.28961307260515073,True,,
DISODIUM FOSFAS*+SODIUM DIHYDROPHOSPHAS,129429,427253,-0.3265910655109972,True,,
DOCETAXELUM,783293,240817,-0.4484347471682969,True,80.0,20.0
DOCUSATUM NATRICUM,724,753280,-0.2187679857807562,True,,
DOMPERIDONUM+OMEPRAZOLUM,173926,132919,-0.21485829530532763,True,,
DONEPEZILUM,109085,188959,-0.2333366888373175,True,10.0,10.0
DONEPEZILUM,109085,123754,-0.20918270713879933,True,10.0,10.0
DORZOLAMIDUM+TIMOLOLUM,568322,438298,-0.21638118092280922,True,,
DOXORUBICINUM,327544,135594,-0.3500929020661461,True,,10.0
DOXORUBICINUM,135594,410521,-0.24500086113937436,True,10.0,
DOXORUBICINUM,410521,64184,-0.2621618086740208,True,,100.0
DOXORUBICINUM,410519,64184,-0.2247701830985248,True,,100.0
DROSPIRENON+ETHINYLESTRADIOLUM,190317,174096,-0.2966244066382932,True,,
DROSPIRENON+ETHINYLESTRADIOLUM,190317,389772,-0.25800798842352846,True,,
DROSPIRENON+ETHINYLESTRADIOLUM,190317,89338,-0.3299421440624157,True,,
DROSPIRENON+ETHINYLESTRADIOLUM,190317,35678,-0.26843161784028385,True,,
DROTAVERINUM+PARACETAMOLUM,153531,153529,-0.247498355431414,True,,
DULOXETINUM,635208,417333,-0.3065521706945048,True,30.0,30.0
DUTASTERIDUM+TAMSULOSINUM,601966,190524,-0.23449845643958883,True,,
DUTASTERIDUM+TAMSULOSINUM,857847,713864,-0.27639558872878744,True,,
DUTASTERIDUM+TAMSULOSINUM,680597,841005,-0.2712452909676805,True,,
DUTASTERIDUM+TAMSULOSINUM,841005,713864,-0.5715091187933281,True,,
EBASTINUM,641189,530243,-0.7327146473181819,True,10.0,10.0
ECONAZOLUM,17790,283702,-0.20789800456598367,True,,150.0
ELEUTHEROCOCCUS SENTICOSUS*&,-769545,769545,-0.2964501198269411,True,,
ELTROMBOPAG,872004,142142,-0.3172836249332946,True,25.0,50.0
ELTROMBOPAG,872006,142142,-0.3224729509210302,True,50.0,50.0
EPINEPHRINUM,872000,390525,-0.24585871607114565,True,,
EPINEPHRINUM,390525,5926,-0.23630119793056997,True,,
EPIRUBICINUM,117828,82104,-0.30266775944461993,True,,50.0
EPIRUBICINUM,410514,325842,-0.21973279590174993,True,,50.0
EPOETINUM ALFA,84253,448939,-0.3120827434347583,True,,
EPOETINUM ALFA,448939,309243,-0.21754592042503224,True,,
EPOETINUM ALFA,448939,309242,-0.3846759640402012,True,,
ESMOLOLUM,530432,434921,-0.3343962047163711,True,,
ESMOLOLUM,434921,530431,-0.20954874199636608,True,,
ESOMEPRAZOLUM,412404,597014,-0.32008229796429144,False,20.0,40.0
ESOMEPRAZOLUM,597014,412410,-0.2881883473666684,False,40.0,40.0
ETHAMBUTOLUM,641192,85624,-0.2686615784526971,True,,
ETHAMBUTOLUM,85624,23573,-0.5571056022233967,False,,400.0
ETOPOSIDUM,8321,42593,-0.4166724759262229,True,,100.0
ETOPOSIDUM,8321,42594,-0.20274623804389866,True,,200.0
EXEMESTANUM,502479,889820,-0.23236430102091973,True,25.0,25.0
EXEMESTANUM,292545,889820,-0.24322848035489586,True,25.0,25.0
EXEMESTANUM,292545,325046,-0.23879750887897777,True,25.0,25.0
FEBUXOSTATUM,815478,171410,-0.24631866260842833,True,80.0,80.0
FEBUXOSTATUM,553307,171410,-0.27074505153483747,True,80.0,80.0
FEBUXOSTATUM,171419,171410,-0.56211732720063,True,120.0,80.0
FENOFIBRATUM,97894,308733,-0.5023357664346341,True,145.0,145.0
FERRI SACCHARAS*,44264,236987,-0.31709143794830896,True,,
FERRI SACCHARAS*,378921,236987,-0.40992630159622184,True,,
FERRICUM CARBOXYMALTOSUM,188118,188117,-0.3321043246768915,True,,
FILGRASTIMUM,146511,309742,-0.20032739729473037,True,0.3,0.3
FINGOLIMODUM,511242,586928,-0.36461261233485087,True,0.5,0.5
FLUOROURACILUM,13834,3762,-0.2825854000974106,True,1000.0,250.0
FLUOROURACILUM,13834,110305,-0.2825854000974106,True,1000.0,
FLUOROURACILUM,465857,110308,-0.25297649699717206,True,,
FLUOROURACILUM,465855,110308,-0.22052258706857422,True,,
FLUOXETINUM,10229,816101,-0.24932269270868565,True,20.0,20.0
FLURBIPROFENUM,795228,95459,-0.5246529616199703,True,8.75,8.75
FLUTAMIDUM,33977,21030,-0.22988837560126021,True,250.0,250.0
FLUTAMIDUM,299605,874865,-0.3173307390162306,True,125.0,125.0
FOLLITROPIN DELTA,596660,596647,-0.29909766915121433,True,,
FOLLITROPINUM ALFA,519734,519731,-0.5569761844087444,True,,
FOLLITROPINUM ALFA,519731,108575,-0.2015589867339286,True,,
FOLLITROPINUM ALFA,519737,108574,-0.28289505355993244,True,,
FOLLITROPINUM ALFA,519737,108575,-0.2636982160671858,True,,
FOLLITROPINUM ALFA,519737,108573,-0.2703466005293082,True,,
FOLLITROPINUM ALFA,519737,109364,-0.262109728625174,True,,
FOLLITROPINUM ALFA,519728,108574,-0.2370269435586962,True,,
FORMALDEHYDUM*,117774,7185,-0.4999539552469011,True,,
FOSFOMYCINUM,587161,324191,-0.21209824135323335,True,,
FOSFOMYCINUM,380043,41122,-0.3088053349224563,True,3000.0,
FOSFOMYCINUM,324191,41122,-0.5576165863288545,True,,
FOSFOMYCINUM,233767,446273,-0.38606545234912193,True,,
FOSFOMYCINUM,233767,41122,-0.3345062337230468,True,,
FOSFOMYCINUM,389638,41122,-0.3998470251913618,True,,
FOSFOMYCINUM,446273,41122,-0.24839786448537385,True,,
FOSFRUCTOSUM,317313,317314,-0.25536433935768466,True,,5000.0
FRANGULA ALNUS*&,20593,84788,-0.22132528303471932,True,,
FURAZIDINUM*,100089,-122420,-0.32961313982608126,True,25.0,50.0
GABAPENTINUM,799442,63155,-0.2566007688125155,True,300.0,300.0
GEMCITABINUM,238339,238340,-0.20300958161792762,True,1000.0,2000.0
GENTAMICINUM,99390,99389,-0.3413513084329094,True,80.0,40.0
GENTAMICINUM,4915,230181,-0.239491446660599,True,,
GENTAMICINUM+TRYPTOPHANUM+ZINCI SULFAS*,400572,410764,-0.6994955387891839,True,,
GENTAMICINUM+TRYPTOPHANUM+ZINCI SULFAS*,400572,410765,-0.7062819395464969,True,,
GENTAMICINUM+TRYPTOPHANUM+ZINCI SULFAS*,400572,410766,-0.582253000837956,True,,
GENTAMICINUM+TRYPTOPHANUM+ZINCI SULFAS*,40053,410764,-0.7247329141553116,True,,
GENTAMICINUM+TRYPTOPHANUM+ZINCI SULFAS*,40053,410765,-0.8383589739782766,True,,
GENTAMICINUM+TRYPTOPHANUM+ZINCI SULFAS*,40053,410766,-0.5757969874900954,True,,
GENTAMICINUM+TRYPTOPHANUM+ZINCI SULFAS*,25498,410764,-0.7392143766533169,True,,
GENTAMICINUM+TRYPTOPHANUM+ZINCI SULFAS*,25498,410765,-0.8340779545796999,True,,
GENTAMICINUM+TRYPTOPHANUM+ZINCI SULFAS*,25498,410766,-0.592617616864335,True,,
GENTAMICINUM+TRYPTOPHANUM+ZINCI SULFAS*,400571,410764,-0.728813503955544,True,,
GENTAMICINUM+TRYPTOPHANUM+ZINCI SULFAS*,400571,410765,-0.8364823957251702,True,,
GENTAMICINUM+TRYPTOPHANUM+ZINCI SULFAS*,400571,410766,-0.5804869446322081,True,,
GLIMEPIRIDUM+METFORMINUM,112803,189547,-0.22018680221578424,True,,
GLYCINUM,440478,689397,-0.24281048573491157,True,100.0,100.0
GLYCOPYRRONII BROMIDUM+INDACATEROLUM,356590,356589,-0.36250266288550387,True,,
GOLIMUMABUM,273017,326948,-0.35971036179934673,True,,
GONADOTROPINUM CHORIONICUM,494143,4016,-0.3537997665271387,True,,
GOSERELINUM,799897,5974,-0.20329460581239844,True,10.8,3.6
HALOPERIDOLUM,169152,10541,-0.2365019299030336,True,,
HARPAGOPHYTUM PROCUMBENS*,174188,605017,-0.9689209278916934,True,480.0,480.0
HEXESTROLUM,31435,31436,-0.5000000000000001,True,,
HEXETIDINUM,108961,-108961,-0.43868473142588593,True,,
HUMULUS LUPULUS*&+VALERIANA OFFICINALIS*&,124467,111046,-0.20330108511009518,True,,
HYDROCHLOROTHIAZIDUM+OLMESARTANUM MEDOXOMILUM,525145,99740,-0.27533109764356434,True,,
HYDROCHLOROTHIAZIDUM+VALSARTANUM,325922,123582,-0.20473143090156498,True,,
HYDROCORTISONUM,118655,4920,-0.2671578374932722,True,,
HYDROCORTISONUM,31030,586774,-0.2668658618241922,False,,
HYDROTALCITUM+MAGNESII HYDROXIDE*,59524,501855,-0.3489125509521388,True,,
HYDROTALCITUM+MAGNESII HYDROXIDE*,59522,501855,-0.35572568102406094,True,,
HYDROXYCHLOROQUINUM,328728,12167,-0.9310876194920691,True,200.0,200.0
HYDROXYETHYLAMYLUM*,156571,76255,-0.28687904502007155,True,,
HYDROXYETHYLAMYLUM*+NATRII CHLORIDUM*,222110,174067,-0.24372713179213476,True,,
HYDROXYETHYLAMYLUM*+NATRII CHLORIDUM*,174067,142202,-0.21593253576892588,True,,
HYPERICUM PERFORATUM*&,110780,-199313,-0.2064919477960752,True,,
HYPERICUM PERFORATUM*&,110779,-199313,-0.22839828671124388,True,,
HYPERICUM PERFORATUM*&,-199313,199313,-0.42295987760457693,True,,
HYPPOPHAE RHAMNOIDES*&,11071,17519,-0.29928024355656535,True,,
IBUPROFENUM,4954,-13656,-0.2337190158852148,True,200.0,200.0
ICHTHYOLUM*,125441,25166,-0.6159369247450542,True,,
IDARUBICINUM,408898,408896,-0.37443081023915403,True,10.0,5.0
IFOSFAMIDUM,557228,27968,-0.2893822084097747,True,,1000.0
IMMUNOGLOBULINUM HUMANUM*,406471,748103,-0.20045455501673853,True,,0.3
INDOMETACINUM+TROXERUTINUM,191611,90573,-0.24436551325245423,True,,
INDOMETACINUM+TROXERUTINUM,90573,-191611,-0.39750647157390306,True,,
INFLIXIMABUM,37488,193448,-0.2643302834402228,True,100.0,100.0
INSULINUM GLARGINUM,371466,371467,-0.3700432467895693,True,,
INSULINUM LISPRUM,111512,234885,-0.29562021576250525,True,,
IODIXANOLUM,159567,159564,-0.20035476554824247,True,320.0,320.0
IODIXANOLUM,159567,509994,-0.20035476554824247,True,320.0,
IODIXANOLUM,159563,159564,-0.2760588781110897,True,320.0,320.0
IOHEXOLUM,108555,605980,-0.20240779454976612,True,350.0,350.0
IOPROMIDUM,10600,7677,-0.2070803939493954,True,,
IOPROMIDUM,10623,71014,-0.4021720785942895,True,,
IOPROMIDUM,10623,71016,-0.4931172698700555,True,,
IOPROMIDUM,7678,71014,-0.7348727094825529,True,,
IOPROMIDUM,7678,71016,-0.8982206359640803,True,,
IRBESARTANUM,201845,201846,-0.20183132658765177,True,150.0,150.0
IRBESARTANUM,201849,201848,-0.3247993169478083,True,300.0,300.0
IRINOTECAN,713702,317425,-0.4524112851013055,True,,
IRINOTECAN,713702,138311,-0.20594061797309765,True,,100.0
ISONIAZIDUM,4956,246606,-0.3310968227899373,True,,
ISOSORBIDI DINITRATE,329658,7655,-0.30250256513531165,True,40.0,40.0
ISOTRETINOINUM,127390,127389,-0.21933420481520827,True,8.0,16.0
KALII CHLORIDUM*,6772,6549,-0.32036526189192865,True,750.0,1000.0
KALII CHLORIDUM*+CALCII CHLORIDUM*+NATRII CHLORIDUM*,598936,87529,-0.3078741747478878,True,,
KALII CHLORIDUM*+CALCII CHLORIDUM*+NATRII CHLORIDUM*,598936,87528,-0.3449406198384692,True,,
KALII CHLORIDUM*+NATRII LACTAS*+NATRII CHLORIDUM*,65592,65593,-0.21202860600728207,True,,
KETOCONAZOLUM,48143,99593,-0.2821586428289997,True,,
KETOCONAZOLUM,99593,103438,-0.2512930576233624,True,,
KETOCONAZOLUM+PYRITHIONUM ZINCUM,85611,63139,-0.23116535587436382,True,,
KETOTIFENUM,66447,44527,-0.32557933408741085,False,,
LACOSAMIDUM,131129,643680,-0.24108012659926328,True,50.0,100.0
LANSOPRAZOLUM,79592,49209,-0.23059348177897943,True,30.0,30.0
LANSOPRAZOLUM,79590,49209,-0.2293405366404968,True,15.0,30.0
LATANOPROSTUM,166093,123045,-0.202394239929959,True,,
LATANOPROSTUM+TIMOLOLUM,170728,639739,-0.20087451918418353,True,,
LATANOPROSTUM+TIMOLOLUM,170728,745620,-0.2620962715383551,True,,
LATANOPROSTUM+TIMOLOLUM,170728,171191,-0.2837632069428498,True,,
LATANOPROSTUM+TIMOLOLUM,166184,401969,-0.24892623821549556,True,,
LATANOPROSTUM+TIMOLOLUM,166184,745620,-0.33856730624755,True,,
LATANOPROSTUM+TIMOLOLUM,745620,171191,-0.3691894986590344,True,,
LEONURUS CARDIACA/QUINQUELOBATUS GILIB.*&,7192,14101,-0.22257701282743114,True,,
LERCANIDIPINUM,686099,60260,-0.25724513846330094,True,10.0,10.0
LERCANIDIPINUM,686099,156589,-0.2566636550406564,True,10.0,20.0
LERCANIDIPINUM,686099,149164,-0.3058238575014237,True,10.0,10.0
LERCANIDIPINUM,121151,60260,-0.3609043286336266,True,10.0,10.0
LERCANIDIPINUM,121151,156589,-0.26829859469435124,True,10.0,20.0
LERCANIDIPINUM,121151,149164,-0.4015126592579117,True,10.0,10.0
LERCANIDIPINUM,60260,149164,-0.4476050113901692,True,10.0,10.0
LERCANIDIPINUM,156589,149164,-0.45056200718704265,True,20.0,10.0
LEVODOPUM+CARBIDOPUM+ENTACAPONUM,62516,600927,-0.2260537010919926,True,,
LEVODOPUM+CARBIDOPUM+ENTACAPONUM,62516,600929,-0.27581857506761315,True,,
LEVODOPUM+CARBIDOPUM+ENTACAPONUM,129205,600930,-0.4914836426625412,True,,
LEVODOPUM+CARBIDOPUM+ENTACAPONUM,62518,600930,-0.4930538648960358,True,,
LEVODOPUM+CARBIDOPUM+ENTACAPONUM,62518,600929,-0.43807639428397105,True,,
LINEZOLIDUM,410696,714653,-0.26722425562746427,True,600.0,600.0
LOMEFLOXACINUM,57190,57189,-0.8849531581780997,True,400.0,400.0
LOPERAMIDUM,127282,-23086,-0.31259759028276124,True,2.0,2.0
LOPERAMIDUM,127282,100001,-0.44944515397184004,True,2.0,2.0
LORATADINUM,-38299,45751,-0.30475746667374326,True,10.0,10.0
LORNOXICAMUM,71420,71421,-0.48027088357660636,True,4.0,8.0
MACROGOLUM,490245,777162,-0.3742715672020897,True,,
MACROGOLUM,13893,13894,-0.38327214985190233,True,,
MAGNESII LACTAS*+PYRIDOXINUM,155837,101751,-0.2243889872871082,True,,
MAGNESIUM GLUCONATE*+POTASSIUM GLUCONATE*,134941,85504,-0.368926984791136,False,,
MAGNESIUM GLUCONATE*+POTASSIUM GLUCONATE*,134941,75932,-0.8143997315416478,True,,
MEBHYDROLINUM,111048,5230,-0.3013177318277739,False,50.0,
MEBHYDROLINUM,7670,59338,-0.29100926501339675,True,100.0,100.0
MELISSA+MENTHA PIPERITA+VALERIANA,129161,140724,-0.5495201009641871,True,,
MEMANTINE,597373,361943,-0.4778315748785042,True,10.0,10.0
MENOTROPINUM*,149425,149426,-0.30170772403978585,True,,
MENOTROPINUM*,149425,111056,-0.41145627057460943,True,,
MENOTROPINUM*,149426,130977,-0.37351221578978994,True,,
MENOTROPINUM*,130977,109784,-0.32084804680729306,True,,
MENTHOL SOLITION IN ISOVALERAT,-794800,111829,-0.46148643526660205,True,60.0,60.0
MENTHOL SOLITION IN ISOVALERAT,111829,4900,-0.27450613960965053,True,60.0,60.0
MESALAZINUM,86054,412196,-0.20432245330771645,False,500.0,1000.0
MESTEROLONUM,5769,141032,-0.8630961417419296,True,25.0,25.0
METAMIZOLUM NATRICUM+PITOFENONUM+FENPIVERINII BROMIDUM,189544,13224,-0.3608978440044603,True,,
METHADONUM,347503,251061,-0.6725164292904368,True,5.0,25.0
METHADONUM,347504,251061,-0.6608775523811916,True,10.0,25.0
METHIONINUM+PHOSPHOLIPIDES*,309184,104329,-0.7066324725236665,True,,
METHYLURACILUM*,92878,46851,-0.22265526575791003,True,,
METOCLOPRAMIDUM,4079,427875,-0.9935624340955449,True,10.0,10.0
METRONIDAZOLUM+MICONAZOLUM,49798,560196,-0.5386356131091267,True,,
METRONIDAZOLUM+MICONAZOLUM,560196,241248,-0.4895939076069001,True,,
METRONIDAZOLUM+MICONAZOLUM,560196,317889,-0.9935838999927847,True,,
MINOXIDILUM,107572,515741,-0.43706093653944655,True,,
MINOXIDILUM,515737,379467,-0.3555932161605103,True,,
MIRTAZAPINUM,82464,88025,-0.5000736806715745,True,30.0,15.0
MIRTAZAPINUM,82464,165538,-0.3654957896984974,True,30.0,30.0
MIRTAZAPINUM,88025,165536,-0.2651792527002444,True,15.0,15.0
MOLSIDOMINUM,99995,503401,-0.543479541156163,True,4.0,4.0
MOLSIDOMINUM,99995,503400,-0.6411778063630094,True,4.0,2.0
MOMETASONUM,181675,181676,-0.2573495920223009,True,,
MORPHINUM*,37688,535349,-0.3592361786234147,True,,
MORPHINUM*,535349,10532,-0.23266811506580265,True,,
MOXIFLOXACINUM,691077,30924,-0.40156236916086696,True,400.0,400.0
MOXONIDINUM,94650,174867,-0.23311681680999607,True,0.3,0.2
MOXONIDINUM,94652,525215,-0.2387948513289659,True,0.4,0.4
MUPIROCINUM,1988,362150,-0.23400795664941115,True,,
MUPIROCINUM,552596,729775,-0.2028222728276901,False,,3000.0
MYRAMISTINUM*,11790,459400,-0.2403604644623927,True,,
MYRTUS COMMUNIS*,86097,686002,-0.2630457464667883,True,120.0,120.0
NADROPARINUM CALCICUM,326773,74334,-0.2912385968238066,True,,
NAFTIFINUM,170774,329670,-0.33487824188212334,True,,
NALBUPHINE HYDROCHLORIDE,193277,325999,-0.26309199374995385,True,,
NATRII CHLORIDUM*,174363,110820,-0.3261087068150573,True,,
NATRII CHLORIDUM*,169102,562329,-0.21401176639703098,True,,
NATRII CHLORIDUM*,169102,652441,-0.22097001012138698,True,,
NATRII CHLORIDUM*,297691,652441,-0.22047111110324946,True,,
NATRII CHLORIDUM*,382116,562329,-0.22464799257081836,True,,
NATRII CHLORIDUM*,382116,652441,-0.32019848020972513,True,,
NATRII CHLORIDUM*,110820,652441,-0.3961386043724148,True,,
NATRII CHLORIDUM*,652441,21325,-0.2692565080137369,True,,
NATRII PICOSULFAS,84227,-84227,-0.21418761828436952,True,7.5,7.5
NATRII PICOSULFAS,84227,111077,-0.3248523061126504,True,7.5,7.5
NATRII PICOSULFAS,153132,62781,-0.2657908187282962,True,,
NATRII PICOSULFAS,153131,111077,-0.30700460886069303,False,,7.5
NATRII PICOSULFAS,731357,111077,-0.46647890544082016,True,,7.5
NEFOPAMUM,679238,865196,-0.29833828400909584,False,30.0,
NEOMYCINUM+NYSTATINUM+PREDNISOLONUM+TERNIDAZOLUM,18303,18304,-0.5181794619691921,True,,
NEOSTIGMINI BROMIDUM,169177,9866,-0.2278739222467381,True,,
NIFUROXAZIDUM,643358,-643358,-0.20327904926537968,True,200.0,200.0
NIMESULIDUM,-880112,82216,-0.239729150096489,False,,100.0
NIMESULIDUM,-880112,26901,-0.3320149233947316,True,,100.0
NITROGLICERINUM*,126352,41715,-0.2886423601017236,True,0.5,0.5
NITROXOLINUM,240897,10324,-0.3617152007906497,True,50.0,50.0
NITROXOLINUM,240897,22255,-0.3333929491244937,True,50.0,50.0
NITROXOLINUM,5239,80135,-0.5819507815292896,True,50.0,50.0
NITROXOLINUM,5239,146200,-0.49209630840311314,True,50.0,50.0
NORETHISTERONUM,97487,614422,-0.7952390357174253,True,5.0,5.0
NORFLOXACINUM,36917,5075,-0.20401993028775925,False,400.0,
NORFLOXACINUM,36917,5074,-0.49183335958714547,True,400.0,400.0
NYSTATINUM,40064,7944,-0.22878642122228246,True,,
OCTENIDINI DIHYDROCHLORIDUM+PHENOXYETHANOL,196791,3919,-0.25306235968779806,True,,
OCTREOTIDUM,105539,4247,-0.20438281737047634,True,30.0,0.05
OCTREOTIDUM,17599,150840,-0.2359090385656042,True,0.1,
OCTREOTIDUM,316917,150840,-0.2992147769316763,True,,
OFLOXACINUM,504137,671967,-0.22222283709799254,True,,
OLOPATADINUM,552938,328136,-0.8390162591341663,True,,
OLOPATADINUM,508950,328136,-0.23196734022935883,True,,
OMEPRAZOLUM,339375,699439,-0.23032831155040792,True,20.0,20.0
ONDANSETRON,78968,112679,-0.20128341625695623,True,,
ONDANSETRON,35218,35217,-0.20625665003064708,True,8.0,4.0
OSELTAMIVIRUM,830071,500187,-0.20980820868704284,True,75.0,75.0
OXALIPLATINUM,317957,167730,-0.2405407668688205,True,,
PAEONIA OFFICINALIS*&,771244,13518,-0.3779204261201259,True,,
PANCREATINUM*,127612,439209,-0.22235018793905806,True,384.0,
PAPAVERINUM*,295220,84679,-0.2392723553716001,True,,
PARACETAMOLUM+PHENIRAMINUM+PHENYLEPHRINUM,623574,-623574,-0.32793243365391944,True,,
PAZOPANIBUM,179589,144024,-0.22206194118939113,True,200.0,400.0
PEMETREXEDUM,83277,438275,-0.4599201076124716,True,500.0,500.0
PENCICLOVIRUM,236990,446858,-0.24067272140639817,True,,
PHENAZEPAMUM*,156556,156555,-0.2604612236969761,True,1.0,0.5
PHTHALYLSULFATHIAZOLUM,6059,920828,-0.20575431394051977,True,500.0,500.0
PHTHALYLSULFATHIAZOLUM,88817,-88817,-0.29741227898087114,True,500.0,500.0
PILOCARPINUM*,5226,6142,-0.2232879154135925,True,,
PILOCARPINUM*,329004,6142,-0.3451146556576989,True,,
PIPERACILLINUM+TASOBACTAMUM,310144,763796,-0.40840241443373543,True,,
PIX BETULA+XEROFORMIUM*,14128,-317809,-0.5172625057786885,True,,
PLANTAGO MAJOR/PSYLLUM/LANCEOLATA*&+THYMUS SERPYLLUM*&,30445,554822,-0.21909195806480866,True,,
PRASUGREL,615620,895297,-0.8528701123248564,True,10.0,10.0
PREDNISOLONUM,66391,298930,-0.9853337060618357,True,,
PREDNISOLONUM,66392,298930,-0.9853337060618375,True,,
PREGABALINUM,501762,375230,-0.24980666244770686,True,75.0,150.0
PROCAINUM,19942,69943,-0.3474433613300415,True,,
PROPOFOLUM,401906,109824,-0.25304648894969045,True,,
PROPOFOLUM,183255,112797,-0.5171867588018818,True,,
PROPOFOLUM,183252,112797,-0.2047451060545342,True,,
PROSTATILENUM*,287757,5122,-0.2052139510778969,True,2.0,2.0
PYRITHIONUM ZINCUM,31588,275436,-0.5927777877131651,True,,
PYRITHIONUM ZINCUM,31588,275435,-0.612936847889193,True,,
PYRITHIONUM ZINCUM,31588,281341,-0.5722233223805756,True,,
PYRITHIONUM ZINCUM,31589,275436,-0.6646575953730257,True,,
PYRITHIONUM ZINCUM,31589,275435,-0.6768104261542462,True,,
PYRITHIONUM ZINCUM,31589,281341,-0.6349624876474884,True,,
PYRITHIONUM ZINCUM,85300,275436,-0.5785520047214981,True,,
PYRITHIONUM ZINCUM,85300,275435,-0.5829586041073432,True,,
PYRITHIONUM ZINCUM,85300,281341,-0.548777637158661,True,,
PYRITHIONUM ZINCUM,275436,560,-0.21020642634312472,True,,
PYRITHIONUM ZINCUM,275435,560,-0.3087586449807053,True,,
PYRITHIONUM ZINCUM,560,281341,-0.3662577157878537,True,,
PYRITINOLUM,18955,18954,-0.2031411819281591,False,100.0,
QUETIAPINUM,111133,298419,-0.5500910256684851,True,100.0,25.0
RANITIDINUM,36220,95051,-0.5833048347690002,True,150.0,150.0
RASAGILINUM,851754,190602,-0.6967570879137839,True,1.0,1.0
RASAGILINUM,851754,545228,-0.21358173412744477,True,1.0,1.0
RASAGILINUM,503021,190602,-0.6901448883027523,True,1.0,1.0
RASAGILINUM,283644,190602,-0.9451362945172948,True,1.0,1.0
RAUVOLFIA*,40536,407402,-0.9960064344216162,True,2.0,2.0
RETINOLUM,407103,22053,-0.21738281629037612,True,,
RISPERIDONUM,88281,485422,-0.22167786328208688,True,,
RITUXIMABUM,316951,221740,-0.33965311200162995,True,,500.0
RIVASTIGMINUM,438416,438414,-0.2571340945032621,True,4.5,3.0
RIZATRIPTANUM,306345,306343,-0.21844031386737123,True,10.0,5.0
RIZATRIPTANUM,306345,352934,-0.21525282635199025,True,10.0,10.0
SAXAGLIPTINUM,143752,122449,-0.9316920550915188,True,5.0,2.5
SAXAGLIPTINUM,143752,122452,-0.994586792129635,True,5.0,5.0
SAXAGLIPTINUM,143751,122449,-0.9316920550915188,True,2.5,2.5
SAXAGLIPTINUM,143751,122452,-0.994586792129635,True,2.5,5.0
SERTACONAZOLUM,404693,883338,-0.2658590631973504,True,300.0,300.0
SERTRALINUM,83566,390186,-0.3504147218403617,True,100.0,50.0
SERTRALINUM,75077,44762,-0.3149095444196447,True,100.0,50.0
SILICII DIOXIDUM*,460027,851975,-0.21027517168770604,True,210.0,210.0
SILICII DIOXIDUM*,460027,851974,-0.2355711256420784,True,210.0,210.0
SILVER PROTEINATE,905815,905819,-0.406385096561769,True,200.0,100.0
SILYBUM MARIANUM*&,79634,-303602,-0.26572483729066865,True,,
SILYBUM MARIANUM*&,-303602,303602,-0.43321680167230053,True,,
SIMETICONUM,177870,511263,-0.43554337227355927,True,125.0,125.0
SIMETICONUM,145657,56600,-0.3972683984580499,True,,
SIMETICONUM,145657,511263,-0.26263886013341375,False,,125.0
SIMETICONUM,56600,124103,-0.39501805338410234,True,,
SIMETICONUM,6765,33666,-0.41876588404677767,True,40.0,40.0
SITAGLIPTINUM,106229,106232,-0.2602205428534458,True,50.0,100.0
SOMATROPINUM,225767,112295,-0.22866801866516584,True,1.3,4.0
SPIRITUS AETHYLICUS*,56332,414360,-0.251297855051427,True,,
SPIRITUS AETHYLICUS*,414457,515721,-0.26684954328931226,True,,
SPIRONOLACTONUM,28192,362322,-0.27731867932596427,True,100.0,100.0
SPIRONOLACTONUM,362322,316615,-0.23550969211564718,True,100.0,100.0
STREPTODORNASUM+STREPTOKINASUM,545261,87798,-0.25500080253401775,True,,
SULFACETAMIDUM,294435,8911,-0.21605954010136771,True,,
SULFACETAMIDUM,294435,12830,-0.3582777701448828,True,,
SULFADIAZINUM,85347,93237,-0.4436875153467119,True,,
SULFADIMETHOXINUM,27561,124956,-0.20081801673455252,True,500.0,500.0
SULFADIMIDINUM,82234,117773,-0.9798782133577298,True,500.0,500.0
SULFUR*,408378,408379,-0.2759509664879735,True,,
SYMPHYTUM OFFICINALE*,539090,539092,-0.20121718279305345,True,,
TADALAFILUM,862824,670463,-0.5668599687111641,True,20.0,20.0
TADALAFILUM,670463,862825,-0.5062149848818086,True,20.0,20.0
TAMOXIFENUM,838061,7768,-0.9792432885810548,True,20.0,20.0
TAURINUM,18114,66400,-0.23261611811598953,True,,
TEMOZOLOMIDUM,188000,238295,-0.35088232802640285,True,140.0,20.0
TEMOZOLOMIDUM,187998,238295,-0.2732612416465379,True,20.0,20.0
TESTOSTERONUM,122180,303540,-0.2968637281627796,True,,
TESTOSTERONUM,71438,303540,-0.8372122196914175,True,,
TESTOSTERONUM,88002,553477,-0.508104676334108,True,,
THIAMINUM,180405,237439,-0.21276451170852279,True,,
TILORONUM,71103,351789,-0.20030759224733882,True,125.0,60.0
TOBRAMYCINUM,156646,485602,-0.21064637973529363,True,,
TRAMADOLUM,35363,189622,-0.23744771637974052,False,50.0,
TRAMADOLUM,17365,189622,-0.2186929659110782,True,,
TRIFLUOPERAZINUM,26543,5163,-0.2440777301847219,False,5.0,
TRIPTORELINUM,103264,123624,-0.23358879564182938,True,0.1,11.25
UDENAFILUM,352930,352929,-0.20754433273181902,True,200.0,200.0
URTICA DIOICA*&,105916,36002,-0.9907917688591252,True,,
VACCINIUM MYRTILLUS *&,75794,305424,-0.40190853259241144,True,,
VANCOMYCINUM,800135,608183,-0.22999988211217573,True,500.0,1000.0
VARDENAFILUM,57175,153036,-0.33774265640661427,True,20.0,10.0
VASELINUM*,20839,88242,-0.3556927582256467,True,,
VASELINUM*,20839,83867,-0.4016643806016586,True,,
VASELINUM*,-83867,83867,-0.20000158742794077,True,,
VINORELBINUM,178301,373828,-0.3887796752195454,True,50.0,50.0
VINORELBINUM,80091,373828,-0.21411995598402397,True,10.0,50.0
VIRIDE NITENS*,163033,-36158,-0.23854848049426045,True,,
VITAMIN C+CHLORPHENAMINUM+COFFEINUM*+PARACETAMOLUM,4376,-73436,-0.49016744295272985,True,,
VITAMIN C+VITAMIN B5+VITAMIN PP+PYRIDOXINUM+RETINOLUM+VITAMIN B2+RUTOSIDUM+THIAMINUM+TOCOPHEROL*+VITAMIN B9+VITAMIN B12,196887,85521,-0.2387760600880247,True,,
VORICONAZOLUM,136828,439573,-0.22293163971620625,True,200.0,200.0
VORICONAZOLUM,73962,443673,-0.27516221682089514,True,200.0,200.0
WARFARINUM,91362,194168,-0.24710948319619938,True,2.5,2.5
ZOLMITRIPTANUM,112031,84829,-0.23755358889363723,True,2.5,2.5
ZOPICLONUM,75029,90632,-0.20365556356290215,True,7.5,7.5
ZOPICLONUM,75029,82951,-0.31406571593349936,True,7.5,7.5
ZOPICLONUM,133496,41942,-0.21947711347576232,True,7.5,7.5
