INN,events,sku_count,median_peer_uplift,positive_uplift_rate
ABIRATERONE,4,3,0.2771811600943731,0.5
ACECLOFENACUM,11,4,-0.050212365627607565,0.09090909090909091
ACETYLCYSTEINUM,32,12,-0.15968750803257134,0.375
ACHILLEA MILLEFOLIUM+CALENDULA+HYPERICUM PERFORATUM+MATRICARIA CHAMOMILLA+MENTHA PIPERITA,2,1,-0.2901542649727768,0.5
ACICLOVIRUM,16,7,-0.05696552745970404,0.4375
ACIDUM ACETYLSALICYLICUM*,15,7,-0.1292136278324053,0.3333333333333333
ACIDUM ACETYLSALICYLICUM*+COFFEINUM*+PARACETAMOLUM,5,3,-0.0162149682070637,0.4
ACIDUM ALENDRONICUM,2,2,0.21064754520390508,1.0
ACIDUM ALGINICUM*+CALCII CARBONAS*+NATRII HYDROCARBONAS*,4,2,0.07185277654680455,0.5
ACIDUM ALGINICUM*+KALII HYDROCARBONATIS,4,1,0.076027314553888,0.75
ACIDUM AZELAICUM,2,2,-0.04573300523859661,0.5
ACIDUM BENZOICUM+ACIDUM MALICUM*+ACIDUM SALICYLICUM*,4,2,-0.09253650516472975,0.25
ACIDUM BORICUM*,9,5,-0.09240734064292778,0.3333333333333333
ACIDUM CITRICUM+MAGNESII OXYDUM*+NATRII PICOSULFAS,2,2,-0.5195919689119171,0.0
ACIDUM CROMOGLICICUM,1,1,0.6111792366034912,1.0
ACIDUM FORMICUM*,1,1,-0.04920788927530416,0.0
ACIDUM FUSIDICUM,14,4,-0.12773453648743488,0.42857142857142855
ACIDUM GADOPENTETICUM,7,3,-0.9601769911504424,0.0
ACIDUM GADOTERICUM,1,1,-0.2848706558662138,0.0
ACIDUM HOPANTENICUM,1,1,-0.43430260208749666,0.0
ACIDUM IBANDRONICUM,16,7,0.14109927994977672,0.75
ACIDUM MEFENAMICUM,1,1,-0.38821495766739184,0.0
ACIDUM METHYLSILICICUM*,2,2,0.08777553746859962,1.0
ACIDUM MYCOPHENOLICUM,1,1,-0.43019715780539125,0.0
ACIDUM PAMIDRONICUM,9,3,-0.09122790389081092,0.4444444444444444
ACIDUM RISEDRONICUM,1,1,0.3841235528288817,1.0
ACIDUM RYBONUCLEINICUM*,3,1,2.450162470722868,0.6666666666666666
ACIDUM SALICYLICUM*,4,2,-0.09803747856982216,0.25
ACIDUM THIOCTICUM*,6,4,0.05751064235737596,0.8333333333333334
ACIDUM VALPROICUM,20,8,0.026983403705988625,0.7
ACORUS CALAMUS*&,6,2,0.031402544417083955,0.6666666666666666
ACORUS+ALTHAEA+SAMBUCUS+URTICA+MENTHA+CALENDULA+ARTEMISIA+MATRICARIA+GLYCYRRHIZA+SOPHORA+ACHILLEA+HELICHRY+SALVIA+ROSA*&,8,1,0.09781451496394589,0.625
ADALIMUMAB,11,4,-0.2994565439463899,0.45454545454545453
ADEMETIONINUM,6,3,0.05615123304921961,0.6666666666666666
ADONIS VERNALIS*&+ARNICA MONTANA/FOLIOSA NUTT./CHAMISSONIS LESS.*&+JUNIPERUS COMMUNIS*&+MENTHA PIPERITA,1,1,-0.26187062543882744,0.0
AERVA LANNATA*&,4,1,-0.06658205943512996,0.25
AESCINUM*,2,2,0.14072553323085532,0.5
AESCULUS HIPPOCASTANUM L.+THIAMINUM,2,2,-0.010452804940444343,0.5
ALBENDAZOLUM,1,1,0.21259261170289728,1.0
ALBUMINUM HUMANUM*,19,8,0.0087619226557614,0.631578947368421
ALCLOMETASONUM,1,1,-0.14804534008973216,0.0
ALFA-BROMISOVALERIC ACID ETHYL ETHER*+HUMULUS LUPULUS*&+MENTHA PIPERITA+MENTHOL SOLITION IN ISOVALERAT,2,1,0.07968618252506256,1.0
ALFA-BROMISOVALERIC ACID ETHYL ETHER*+MENTHA PIPERITA+PHENOBARBITALUM,12,5,0.006528961482876452,0.75
ALFACALCIDOLUM,6,2,-0.8815225722244039,0.16666666666666666
ALLANTOINUM*+DEXPANTHENOLUM,5,1,-0.468315825144019,0.2
ALLANTOINUM*+POVIDONUM,2,1,-0.08594511539558568,0.5
ALLIUM SATIVUM+CARBO ACTIVATUS MEDICINALIS*+CHOLE MEDICATA CONSERVATA*+URTICA DIOICA,2,1,-0.09793763149665095,0.5
ALNUS INCANA/GLUTINOSA*&,6,1,-0.10512516373718989,0.3333333333333333
ALOE ARBORESCENS MILL.*&,1,1,-0.2399947278920188,0.0
ALPROSTADILUM,4,3,0.25448926549891643,0.75
ALTHAEA OFFICINALIS*&,8,3,-0.3955928524709377,0.25
ALTHAEA OFFICINALIS*&+THYMUS SERPYLLUM*&,7,2,-0.047547134876481705,0.14285714285714285
ALUMINII HYDROXYDUM*+MAGNESII HYDROXIDE*,2,2,0.10553918834827442,1.0
ALUMINII HYDROXYDUM*+MAGNESII HYDROXIDE*+SIMETICONUM,4,2,-0.010269155050779612,0.5
ALVERINUM+SIMETICONUM,4,1,0.2481239667447901,0.75
AMBROXOLUM,17,12,-0.4888802423620553,0.29411764705882354
AMIKACINUM,10,3,0.02640448483510753,0.5
AMINOCAPRONIC ACID,2,2,-0.239878169566846,0.0
AMINOPHYLLINUM+KALII CHLORIDUM*+MAGNESII CHLORIDUM*,5,2,-0.31061821091397485,0.4
AMIODARONUM,11,2,0.04243557687411052,0.9090909090909091
AMLODIPINUM,23,9,-0.025552911265833294,0.43478260869565216
AMLODIPINUM+ATORVASTATINUM,2,1,0.14840878702298682,1.0
AMLODIPINUM+HYDROCHLOROTHIAZIDUM+OLMESARTANUM MEDOXOMILUM,1,1,1.836227909811091,1.0
AMLODIPINUM+HYDROCHLOROTHIAZIDUM+VALSARTANUM,2,2,0.21492114471068746,1.0
AMLODIPINUM+LISINOPRILUM,2,1,-0.1388013243064862,0.0
AMLODIPINUM+PERINDOPRILUM,1,1,0.13462105557007598,1.0
AMLODIPINUM+RAMIPRILUM,10,5,0.03993537674042327,0.7
AMLODIPINUM+TELMISARTANUM,2,2,0.18851976702635126,1.0
AMLODIPINUM+VALSARTANUM,21,10,0.047621987683014184,0.6190476190476191
AMMONIUM*,2,1,0.7215338507778073,0.5
AMOXICILLINUM,8,2,-0.04327040136728126,0.375
AMOXICILLINUM+ACIDUM CLAVULANICUM,24,11,-0.0377811404967653,0.4166666666666667
AMPICILLINUM+SULBACTAMUM,1,1,-0.06136609028195165,0.0
AMYLMETACRESOLUM+DICHLOROBENZYL ALCOHOL*,11,8,0.019020573959663816,0.6363636363636364
ANAGRELIDUM,3,1,0.5025273799494524,0.6666666666666666
ANASTROZOLUM,3,2,0.015730367631063686,0.6666666666666666
ANETHOLUM*+DICHLOROBENZYL ALCOHOL*+MENTHA PIPERITA+MENTHOLUM*,14,7,-0.22838601396645114,0.2857142857142857
ANTRAL*+LECITHIN*,7,2,-0.5297668402374714,0.42857142857142855
AQUA PRO INJECTIONIBUS*,1,1,-0.0809538108679882,0.0
ARALIA MANDSHURICA RUPP. ET MAXIM*&,2,1,0.1693128004322652,1.0
ARGININUM ASPARTATUM*,4,1,0.07183095592243773,0.5
ARIPIPRAZOLUM,7,6,0.06523123521520181,0.7142857142857143
ARTICAINUM+EPINEPHRINUM,26,8,0.04295918395774764,0.6538461538461539
ASCORBIC ACID,17,9,-0.19205978369528898,0.17647058823529413
ASCORBIC ACID+MALVA SYLVESTRIS+PLANTAGO (SEMENI PSYLLIUM),2,1,-0.10666183004713502,0.0
ASPARAGINAT K-MG*,4,3,0.00041379201319266187,0.5
ATOMOXETINUM,17,6,-0.04625139873181669,0.47058823529411764
ATORVASTATINUM,32,16,0.005735589864339961,0.53125
ATOSIBANUM,20,3,-0.86,0.25
ATRACURII BESILAS,27,6,0.0005033288338783435,0.5185185185185185
ATROPA BELLADONNA*&+NATRII HYDROCARBONAS*,2,1,-0.004667877611362843,0.5
AVISAN*+EQUISETUM ARVENSE*&+HYPERICUM PERFORATUM*&+POLYGONUM AVICULARE*&,1,1,0.03940623281923657,1.0
AXITINIB,2,1,-0.377202510979788,0.0
AZITHROMYCINUM,36,15,0.014931078748697214,0.5277777777777778
AZOXIMERI BROMIDUM,2,2,-0.626197589368497,0.0
BACITRACINUM+NEOMYCINUM,3,3,-0.032172962968723344,0.0
BEMIPARINUM NATRICUM,15,5,-0.5952380952380953,0.3333333333333333
BENDAMUSTINE,30,7,-0.44402379650602725,0.36666666666666664
BENDAZOLUM,4,3,-0.22452035507713936,0.25
BENFOTIAMINUM,1,1,-0.871325366895361,0.0
BENZALKONII CHLORIDUM,9,6,-0.0784281030542699,0.3333333333333333
BENZOCAINUM,4,1,0.06461273657326397,0.75
BENZOCAINUM+LEVOMENTHOLUM+PROCAINUM,1,1,0.09849533008100061,1.0
BENZOCAINUM+MENTHOLUM*+PROCAINUM,3,2,-0.3533161441700888,0.3333333333333333
BENZOYLI PEROXIDUM*+CLINDAMYCINUM,1,1,-0.7800672655285453,0.0
BENZYDAMINUM,2,2,-0.5171278685814078,0.0
BENZYLII BENZOAS*,5,1,0.05854146882078444,0.6
BETAHISTINE,34,9,0.02616175886404589,0.6470588235294118
BETAMETHASONUM,5,3,0.0026047898914166555,0.6
BETULA PUBESCENS EHRH.*&,2,1,-0.43327774074902964,0.0
BICALUTAMIDUM,14,3,0.04507679936674361,0.7142857142857143
BIDENS TRIPARTITES*&,5,3,-0.05769333934508532,0.2
BIDENS TRIPARTITES+CALENDULA+EUCALYPTUS VIMINALIS+GLYCYRRHIZA GLABRA/URALENSIS+MATRICARIA CHAMOMILLA+SALVIA,7,3,-0.20346127118191054,0.2857142857142857
BIPERIDENUM,3,1,0.22074520332656655,0.6666666666666666
BISACODYLUM,4,2,-0.009792798569240532,0.5
BISMUTHI SUBCITRAS*,4,1,0.16015590487887044,0.75
BISOPROLOLUM,29,16,0.020162667380056766,0.5862068965517241
BORTEZOMIBUM,33,6,-0.48888888888888893,0.42424242424242425
BOTULINUM TOXIN,11,4,2.291208791208791,1.0
BRIMONIDINUM,2,2,0.07341262497424403,1.0
BRINZOLAMIDUM,1,1,0.07638134498552504,1.0
BROMELAINA+RUTOSIDUM+TRYPSINUM*,6,3,-0.43818801144877817,0.3333333333333333
BROMHEXINE,11,3,-0.39541740342420145,0.18181818181818182
BROMHEXINE+GUAIFENESINUM+MENTHOLUM*+SALBUTAMOLUM,3,2,0.2924285700450529,0.6666666666666666
BUDESONIDUM,3,2,0.19467705235132687,0.6666666666666666
BUPIVACAINUM,13,6,0.04417893713752869,0.6153846153846154
BUPRENORPHINUM,4,3,-0.3260756932359701,0.25
BUTAMIRATUM,2,2,-0.4795961171225647,0.0
BUTAMIRATUM+GUAIFENESINUM,2,1,0.5292841475532358,1.0
CABERGOLINUM,1,1,0.0030876268915017097,1.0
CABOZANTINIBUM,1,1,-0.4461538461538461,0.0
CALCII CARBONAS*+COLECALCIFEROLUM,8,3,-0.08285239950693118,0.375
CALCII CARBONAS*+MAGNESII CARBONAS,9,3,0.011044435633278473,0.5555555555555556
CALCII CHLORIDUM*+CITICOLINUM+KALII CHLORIDUM*+NATRII CHLORIDUM*+NATRII LACTAS*,4,1,-0.04796147276282706,0.5
CALCII CHLORIDUM*+FRUCTOSUM*+KALII CHLORIDUM*+MAGNESII CHLORIDUM*+NATRII CHLORIDUM*,4,3,-0.008962620097445764,0.5
CALCII CHLORIDUM*+KALII CHLORIDUM*+MAGNESII CHLORIDUM*+NATRII CHLORIDUM*+NATRII HYDROCARBONAS*+POVIDONUM,2,1,0.022346835261871215,0.5
CALCII FOLINAS,45,16,-0.04195369477498058,0.4
CALCII GLUCONAS*,1,1,-0.08546282442686369,0.0
CALENDULA OFFICINALIS*&,16,7,-0.021699092591193278,0.4375
CALENDULA OFFICINALIS*&+CORIANDRUM SATIVUM*&+GLYCYRRHIZA GLABRA/URALENSIS*&+MELILOTUS OFFICINALIS*+SILYBUM MARIANUM*&,7,1,1.1032608695652173,0.7142857142857143
CALENDULA OFFICINALIS*&+MATRICARIA CHAMOMILLA*&+ACHILLEA MILLEFOLIUM*&,2,1,0.08825137186798654,0.5
CAMPHORA*+CARYOPHYLLUS AROMATICUS*&+EUCALYPTUS VIMINALIS*&+MENTHOLUM*,2,2,-0.012680645122522094,0.5
CAMPHORA*+EUCALYPTUS VIMINALIS*&+LEVOMENTHOLUM+PINUS SILVESTRIS*&,4,1,-0.5532387786339107,0.25
CAMPHORA*+SPIRITUS AETHYLICUS*,3,2,-0.0771829992703339,0.0
CANDESARTANUM,1,1,-0.07488477062291894,0.0
CAPECITABINUM,28,10,-0.10296402829745274,0.35714285714285715
CAPSELLA BURSA-PASTORIS MEDIC.*&,1,1,-0.39973955539081313,0.0
CAPSICUM ANNUUM*&,1,1,0.4759454746069961,1.0
CARBAMAZEPIN,3,3,-0.037101456338973146,0.3333333333333333
CARBETOCINUM,6,2,-0.034968134374289084,0.3333333333333333
CARBIDOPA+LEVODOPA*,2,1,0.034061866830664096,1.0
CARBIMAZOLE,2,1,-0.05217135910329235,0.5
CARBOCISTEINUM,13,6,-0.08652507482333023,0.3076923076923077
CARBOPLATINUM,49,23,-0.054619687810159724,0.4489795918367347
CARNITINUM+COBAMAMIDUM*+COCARBOXYLASUM+LYSINUM+PYRIDOXALPHOSPHATUM*,4,2,0.04854325617701939,0.5
CARVEDILOLUM,10,6,-0.011047436019403247,0.4
CASSIA ACUTIFOLIA/ANGUSTIFOLIA*&,8,2,-0.07690063947598798,0.25
CEFALEXINUM,6,4,0.1127690776488724,0.6666666666666666
CEFAZOLINUM,21,6,0.03946473031473341,0.5714285714285714
CEFDINIRUM,1,1,-0.03240551787133037,0.0
CEFEPIMUM,60,24,-0.1652632900263949,0.31666666666666665
CEFIXIMUM,1,1,-0.07879458288802707,0.0
CEFOPERAZONUM,7,3,-0.2298367541599381,0.42857142857142855
CEFOPERAZONUM+SULBACTAMUM,28,12,-0.03394293633455701,0.42857142857142855
CEFOTAXIMUM,3,2,0.21534827314119748,0.6666666666666666
CEFPODOXIMUM,15,6,0.020825281316725442,0.5333333333333333
CEFTAZIDIMUM,45,16,-0.09606252059029116,0.35555555555555557
CEFTRIAXONUM,57,28,-0.06257692084006494,0.38596491228070173
CEFUROXIMUM,32,14,0.012886364748858884,0.5
CETIRIZINUM,5,4,-0.09429954142246322,0.2
CETIRIZINUM+PARACETAMOLUM+PHENYLEPHRINUM,9,3,0.45385369277667786,0.5555555555555556
CETYLPYRIDINII CHLORIDUM,1,1,-1.0,0.0
CHLORAMPHENICOLUM,1,1,0.03348978013539745,1.0
CHLORAMPHENICOLUM+METHYLURACILUM*,6,2,-0.13683192462720029,0.16666666666666666
CHLORHEXIDINUM,12,6,-0.10274046004893207,0.25
CHLORHEXIDINUM+DEXPANTHENOLUM,1,1,-0.16227508216812422,0.0
CHLORHEXIDINUM+LIDOCAINUM,6,2,-0.0973908461038134,0.5
CHLORMADINONUM + ETHINYLESTRADIOLUM,5,1,0.05536993764266155,0.8
CHLOROBUTANOLUM+CHOLINI SALICYLAS+HEXETIDINUM,3,2,-0.2191680119380779,0.3333333333333333
CHLORPHENAMINUM+COFFEINUM*+PARACETAMOLUM+PHENYLEPHRINUM,13,3,0.08033893753952674,0.5384615384615384
CHLORPHENAMINUM+COFFEINUM*+PARACETAMOLUM+PHENYLPROPANOLAMINUM,1,1,-0.7439824945295406,0.0
CHLORPROTHIXENE,1,1,-0.004315746755840487,0.0
CHLORZOXAZONE+DICLOFENACUM+PARACETAMOLUM,3,2,-1.0,0.0
CHOLINI ALFOSCERAS,7,2,0.07632677260182921,0.7142857142857143
CHONDROITINI SULFAS*,10,6,-0.05683730566808401,0.2
CHONDROITINI SULFAS*+GLUCOSAMINUM,10,4,0.027487112191197552,0.5
CHONDROITINI SULFAS*+GLUCOSAMINUM+IBUPROFENUM,2,1,0.10613839839422637,0.5
CICLOSPORINUM,18,11,0.3730823166132161,0.7777777777777778
CILOSTASOLUM,4,1,0.058521358219496666,0.75
CIMICIFUGA RACEMOSA*&,1,1,0.17479744322425667,1.0
CINCHOCAINUM+DEQUALINII CHLORIDUM,2,1,0.05198024467690318,0.5
CINNARIZINUM,4,1,-0.026417260120711383,0.25
CINNARIZINUM+DIMENHYDRINATUM,4,1,-0.11780492427704801,0.5
CINNARIZINUM+PIRACETAMUM,3,1,0.04032483722757132,0.6666666666666666
CIPROFLOXACINUM,24,10,0.02615596249969044,0.5416666666666666
CISPLATINUM,19,5,0.039118586731817485,0.5263157894736842
CITALOPRAM,1,1,-0.09626479636620854,0.0
CITICOLINUM,72,27,0.0420491579103119,0.6805555555555556
CITRULLINUM*,1,1,0.06504262213874405,1.0
CLARITHROMYCINUM,23,7,-0.08844554537358505,0.391304347826087
CLEMASTINUM,3,1,-0.37948644250508473,0.3333333333333333
CLOBETASOLUM,12,6,0.05050945194993421,0.9166666666666666
CLOMIPRAMINUM,5,1,0.06493515693961714,0.6
CLONIDINUM,5,4,-0.14997833490279672,0.4
CLOPERASTINUM,3,1,-0.20221606648199447,0.3333333333333333
CLOPIDOGRELUM,17,8,0.007455240908903251,0.5294117647058824
CLOTRIMAZOLUM,6,4,-0.0266196918035718,0.3333333333333333
CO-TRIMOXAZOLUM*,3,1,0.585558240524335,0.6666666666666666
CODEINUM*+CHLORPHENAMINUM,1,1,-1.0,0.0
CODEINUM*+COFFEINUM*+METAMIZOLUM NATRICUM+PARACETAMOLUM+PHENOBARBITALUM,10,3,-0.0450275988506203,0.2
CODEINUM*+COFFEINUM*+PARACETAMOLUM,2,2,-0.26368495563049843,0.5
CODEINUM*+MORPHINUM*+NOSCAPINUM+PAPAVERINUM*+TEBAINUM*,3,1,-0.060900218147781876,0.3333333333333333
COFFEINUM*,5,1,0.035925771390896484,0.6
COFFEINUM*+PARACETAMOLUM,3,1,0.03033621749360015,0.6666666666666666
COFFEINUM*+PARACETAMOLUM+PROPYPHENAZONUM,1,1,-0.1872439573945103,0.0
COLISTINUM,1,1,-0.014772128941672062,0.0
CORIFOLLITROPIN ALFA,1,1,0.16438466494845366,1.0
CORTEXINUM*,2,1,-0.20611999723074115,0.5
CRATAEGUS L.*&,10,6,-0.03637307730305103,0.2
CRATAEGUS L.*&+VALERIANA OFFICINALIS*&+LEONURUS CARDIACA/QUINQUELOBATUS GILIB.*&,2,1,-0.047731320677975385,0.0
CRIDANIMODUM,1,1,-0.10170274319786408,0.0
CRIZOTINIBUM,2,1,2.577870967741935,0.5
CUCURBITA PEPO/MAXIMA/MOSCHATA*&,4,1,-0.014777552804904462,0.5
CURCUMA LONGA*&+GLYCYRRHIZA GLABRA/URALENSIS*&+TERMINALIA BELERICA*+ZINGIBER OFFICINALE*,2,2,-0.33108108108108103,0.5
CYANAMIDUM*,2,1,1.2621680320448365,1.0
CYANOCOBALAMINUM+LIDOCAINUM+PYRIDOXINUM+THIAMINUM,2,1,0.9253056546102905,1.0
CYANOCOBALAMINUM+NICOTINAMIDUM+PHOSPHOLIPIDES*+PYRIDOXINUM+RIBOFLAVINUM+THIAMINUM+TOCOPHEROLI ACETAS*,8,2,-0.044632391062344116,0.375
CYANOCOBALAMINUM+PYRIDOXINUM+THIAMINUM,10,4,-0.06533967146962817,0.3
CYCLOPHOSPHAMIDUM,4,1,-0.12988644069761926,0.0
CYNARA SCOLYMUS*&,14,6,-0.08825553904018511,0.35714285714285715
CYPROTERONUM,3,2,-0.023497788070962505,0.0
CYTARABINUM,13,5,-0.5658010655703318,0.3076923076923077
CYTISINUM*,1,1,-0.05176386505511026,0.0
DACARBAZINUM,3,2,-0.18616115761100854,0.0
DALTEPARINUM NATRICUM,8,2,0.8714706916077634,0.5
DAPAGLIFLOZINUM,1,1,0.23428048984272665,1.0
DAPAGLIFLOZINUM+METFORMINUM,3,1,0.1925915917879832,1.0
DAPOXETINE,1,1,-0.429682033740185,0.0
DARBEPOETIN ALFA,4,2,0.2115499881613307,0.5
DECAMETOXINUM*,3,2,-0.1939983267635275,0.3333333333333333
DECAMETOXINUM*+ZINCI SULFAS*,3,1,-0.16217651582422346,0.0
DEGARELIX,6,2,-0.7088151675949149,0.3333333333333333
DENOSUMAB,4,1,-0.1122778814439136,0.25
DEQUALINII CHLORIDUM,1,1,0.09117619652606082,1.0
DEQUALINII CHLORIDUM+ENOXOLONUM+HYDROCORTISONUM+LIDOCAINUM+TYROTHRICINUM,10,1,0.18054467490368,0.7
DEQUALINII CHLORIDUM+MURAMIDASE,10,1,-0.05799473492899079,0.3
DESLORATADINUM,32,15,-0.014725913574395545,0.46875
DESMOPRESSINUM,3,1,0.03617125878368785,0.6666666666666666
DESOGESTRELUM,1,1,-0.33932512648898455,0.0
DESOGESTRELUM+ETHINYLESTRADIOLUM,3,2,0.04539767098313011,0.6666666666666666
DEXAMETHASONUM,25,5,0.01673980190090171,0.6
DEXAMETHASONUM+TOBRAMYCINUM,2,2,0.11646085499651163,0.5
DEXKETOPROFENUM,8,4,0.0760211959498312,0.875
DEXMEDETOMIDINE,7,3,0.05303278152195224,0.5714285714285714
DEXPANTHENOLUM,22,9,-0.016326399195460112,0.5
DEXPANTHENOLUM+XYLOMETAZOLINUM,1,1,0.38354507838210955,1.0
DEXTRANUM+NATRII CHLORIDUM*,10,1,-0.01648301114194996,0.4
DEXTROSUM*,47,10,-0.015461265387053879,0.425531914893617
DEXTROSUM*+KALII CHLORIDUM*+NATRII CHLORIDUM*+SODIUM CITRAS*,12,3,-0.08005842895558357,0.4166666666666667
DIACEREINUM,6,1,0.018047053598184305,0.5
DIAZEPAMUM,5,1,-0.03303820128108342,0.2
DICLOFENACUM,19,9,-0.031427114021809414,0.2631578947368421
DICLOFENACUM+LINUM USITATISSIMUM*&+MENTHOLUM*+METHYL SALICYLAT*,1,1,-0.17545991539872088,0.0
DICYCLOVERINUM+SIMETICONUM,1,1,0.04362117832525536,1.0
DIENOGESTUM,2,1,-0.06506653788758658,0.0
DIENOGESTUM+ETHINYLESTRADIOLUM,6,4,0.03316642021062941,0.8333333333333334
DILTIAZEMUM,1,1,-0.987357934199023,0.0
DIMETINDENUM,1,1,0.6925960491731727,1.0
DIOSMECTITUM*,2,2,-0.2300382174325743,0.0
DIOXYDINUM*+LIDOCAINUM,4,4,0.1673135945592075,1.0
DIPYRIDAMOLUM,1,1,-0.02074813820746048,0.0
DISODIUM FOSFAS*+SODIUM DIHYDROPHOSPHAS,3,1,0.07672829748595983,1.0
DOBUTAMINUM,3,1,-0.46108271670862255,0.0
DOCETAXELUM,27,13,0.011602022681885867,0.5185185185185185
DOCUSATUM NATRICUM,2,1,0.3359041454422331,1.0
DOMPERIDONUM,1,1,-0.4198177636883383,0.0
DONEPEZILUM,3,2,0.16585930607658964,1.0
DOPAMINUM,2,1,-0.22381422045736216,0.0
DORZOLAMIDUM+TIMOLOLUM,2,2,0.18834935467148642,1.0
DOXAZOSINUM,1,1,0.12646153338230562,1.0
DOXORUBICINUM,42,13,0.06532946389211194,0.5714285714285714
DOXYLAMINUM,3,1,-0.06786137349917983,0.3333333333333333
DROSPIRENON+ETHINYLESTRADIOLUM,12,7,0.03430366203982251,0.5833333333333334
DROTAVERINUM,3,2,0.11572137802304915,0.6666666666666666
DROTAVERINUM+PARACETAMOLUM,3,2,-0.3788721709444937,0.0
DULOXETINUM,6,5,0.23530784236611446,1.0
DUTASTERIDUM+TAMSULOSINUM,1,1,0.2690529537739956,1.0
DYDROGESTERONUM+ESTRADIOLUM,5,2,0.1462944841590136,0.8
ECHINACEA PURPUREA*&,8,3,0.20128153670045865,0.625
ECONAZOLUM,7,4,0.02063494761303629,0.5714285714285714
ECTERICIDUM*,1,1,-0.03798012452773493,0.0
ELETRIPTANUM,1,1,5.7223537368955,1.0
ELEUTHEROCOCCUS SENTICOSUS*&,5,3,-0.05669030418343084,0.4
EMBLICA OFFICINALIS*+GLYCYRRHIZA GLABRA/URALENSIS*&+MENTHOLUM*+ZINGIBER OFFICINALE*,6,3,-0.18613562084897858,0.3333333333333333
EMOXYPINUM*,5,2,-0.0005426735727147261,0.4
EMPAGLIFLOZINUM+METFORMINUM,1,1,-0.21135398250102091,0.0
EMTRICITABINE+TENOFOVIRUM,1,1,-0.9198294076218797,0.0
ENALAPRILUM,11,3,0.003931910301226411,0.5454545454545454
ENALAPRILUM+HYDROCHLOROTHIAZIDUM,5,3,-0.08470689829996095,0.4
ENALAPRILUM+INDAPAMIDUM,2,1,-0.9944482522275531,0.0
ENOXAPARINUM NATRII,18,3,0.004663578745858252,0.5555555555555556
ENTECAVIRUM,1,1,-0.039408866995073816,0.0
EPINEPHRINUM,5,3,0.12320315346566775,0.8
EPIRUBICINUM,24,10,-0.13260302155578024,0.4166666666666667
EPOETINUM ALFA,29,13,-0.07755058052054103,0.41379310344827586
EPOETINUM BETA,7,1,0.012071510578973101,0.5714285714285714
ERDOSTEINUM,6,3,0.07221780893553688,0.5
ERLOTINIBUM,14,6,-0.2268016194331984,0.35714285714285715
ERYTHROMYCINUM,2,1,0.054865264312083585,0.5
ESCITALOPRAM,5,2,0.07554667514666714,0.6
ESMOLOLUM,7,2,0.4257937484617279,0.7142857142857143
ESOMEPRAZOLUM,23,9,0.127412064536229,0.782608695652174
ESTRADIOLUM,2,1,-0.01989943386126687,0.5
ETANERCEPT,12,3,-0.5496609622215047,0.3333333333333333
ETHAMBUTOLUM,5,3,-0.09722359590250795,0.2
ETHINYLESTRADIOLUM+GESTODENUM,3,3,-0.07681252507283456,0.3333333333333333
ETHINYLESTRADIOLUM+LEVONORGESTRELUM,1,1,0.21111060968455256,1.0
ETOPOSIDUM,17,7,-0.41600779352798334,0.29411764705882354
ETORICOXIBUM,1,1,0.4167531704905233,1.0
EUCALYPTUS VIMINALIS*&,20,6,0.12389190471789455,0.6
EUCALYPTUS VIMINALIS*&+MENTHOLUM*,2,1,-0.20496755867776018,0.5
EUCALYPTUS VIMINALIS*&+MENTHOLUM*+METHYL SALICYLAT*+PINUS SILVESTRIS*&,1,1,-0.04018056406392032,0.0
EUCALYPTUS VIMINALIS*&+PINUS SILVESTRIS*&,5,1,-0.49363759877805363,0.4
EVEROLIMUSUM,12,4,-0.554780328590289,0.4166666666666667
EXEMESTANUM,5,3,-0.07648345598887397,0.2
FACTOR COAGULATIONIS VIII*,2,2,-0.038265306122448994,0.5
FAMCICLOVIRUM,4,3,-0.9444213700915796,0.25
FAMOTIDINUM,13,3,-0.004833538147522653,0.46153846153846156
FENOFIBRATUM,4,1,0.06435574746010186,0.5
FENOTEROLUM,4,1,-0.012961252027392546,0.5
FENSPIRIDUM,1,1,-0.27827767082391675,0.0
FENTANYLUM,39,11,-0.1401623162974335,0.4358974358974359
FERRI (III) HYDROXYDI POLYMALTOSUM COMPLEXUS*,10,3,0.011916094421126237,0.6
FERRI SULFAS*+SERINUM,5,3,-0.6118876106511844,0.2
FERRICUM CARBOXYMALTOSUM,7,2,0.3398153266217822,0.5714285714285714
FEXOFENADINUM,2,2,1.242113807025076,1.0
FILGRASTIMUM,14,6,0.1384406276060304,0.6428571428571429
FINASTERIDUM,1,1,-0.11742977242423572,0.0
FINGOLIMODUM,1,1,0.37466307277628036,1.0
FLUCONAZOLUM,38,13,0.0024926475414744913,0.5
FLUOROURACILUM,28,7,0.057306757070913386,0.5357142857142857
FLURBIPROFENUM,3,1,-0.22845797139201743,0.3333333333333333
FLUTAMIDUM,8,1,0.008599498576676627,0.625
FLUTICASONUM,6,3,-0.09285517601082181,0.5
FLUTICASONUM FUROAS,1,1,0.13578526486247616,1.0
FLUTICASONUM+SALMETEROLUM,2,2,0.09341076051638333,1.0
FLUVOXAMINUM,2,1,0.24365158056494474,0.5
FOLIC ACID,8,5,-0.013416247150929072,0.375
FOLLITROPIN DELTA,1,1,7.724489795918368,1.0
FOLLITROPINUM ALFA,23,10,-0.3716335411031401,0.30434782608695654
FOLLITROPINUM BETA,4,3,-0.825005623823899,0.25
FONTURACETAMUM,8,2,-1.0,0.0
FORMOTEROLUM,2,2,-0.17787762779473568,0.0
FOSFOMYCINUM,17,2,0.003606769565747572,0.5294117647058824
FOSINOPRILUM,1,1,-0.545516304347826,0.0
FRANGULA ALNUS*&,8,2,-0.1195586621202096,0.375
FULVESTRANTUM,6,3,-0.1286814788096799,0.5
FURAZIDINUM*,3,2,-0.08470066792711509,0.3333333333333333
GABAPENTINUM,10,6,-0.049603835505934085,0.1
GADOBUTROLUM,12,3,-0.0642118589040956,0.4166666666666667
GALANTAMINUM,1,1,-1.0,0.0
GANIRELIXUM,2,1,0.41778559076194177,0.5
GATIFLOXACINUM,8,3,-0.44842372409007936,0.375
GELATINUM*+KALII CHLORIDUM*+MAGNESII CHLORIDUM*+NATRII CHLORIDUM*+NATRII LACTAS*,3,1,-0.2519083969465648,0.3333333333333333
GEMCITABINUM,29,16,-0.162936062506878,0.2413793103448276
GENTAMICINUM,8,4,-0.020459152982401013,0.375
GINKGO BILOBA*&,10,6,-0.07037932968816735,0.3
GLATIRAMERI ACETAS*,1,1,0.47367699479023884,1.0
GLAUCINUM*+EPHEDRINUM*,5,1,0.237005935588846,0.6
GLICLAZIDUM,3,1,-0.0241824253372488,0.3333333333333333
GLIMEPIRIDUM,19,10,0.012792157619151938,0.5789473684210527
GLIMEPIRIDUM+METFORMINUM,3,2,0.0029451050633063003,0.6666666666666666
GLUCOSAMINUM,7,3,0.03796880889190571,0.8571428571428571
GLUTOXIMUM*,15,5,-0.2926829268292683,0.4666666666666667
GLYCEROLUM,13,6,-0.02240733508319395,0.38461538461538464
GLYCINUM,6,1,-0.1584893634029766,0.3333333333333333
GLYCOPYRRONII BROMIDUM+INDACATEROLUM,1,1,1.7305151915455743,1.0
GLYCYRRHIZA GLABRA/URALENSIS*&,2,2,-0.41420837936063837,0.0
GOLIMUMABUM,1,1,0.18422283427739952,1.0
GONADOTROPINUM CHORIONICUM,1,1,-1.0,0.0
GOSERELINUM,1,1,-0.1265415896347356,0.0
HALOPERIDOLUM,4,2,-0.08308759704735028,0.25
HEDERA HELIX*&,5,4,-0.1385277078655973,0.2
HEDERA HELIX*&+THYMUS SERPYLLUM*&,2,1,2.116314746243128,0.5
HELICHRYSUM ARENARIUM*&,18,4,-0.09807312988621694,0.3888888888888889
HEPARIN SODIUM,7,3,0.10155842824205635,0.7142857142857143
HUMULUS LUPULUS*&+VALERIANA OFFICINALIS*&,8,1,0.11053822764846116,0.75
HYALURONIDASUM+PERTUZUMABUM+TRASTUZUMABUM,2,1,-0.9273719844343995,0.0
HYDROCHLOROTHIAZIDUM+LISINOPRILUM,18,11,-0.008318680063420491,0.5
HYDROCHLOROTHIAZIDUM+LOSARTANUM,27,11,-0.04749706154606981,0.37037037037037035
HYDROCHLOROTHIAZIDUM+QUINAPRILUM,3,1,-0.9958859023587493,0.0
HYDROCHLOROTHIAZIDUM+RAMIPRILUM,23,10,-0.04408472109116686,0.391304347826087
HYDROCHLOROTHIAZIDUM+TELMISARTANUM,6,1,0.08965553536621687,0.6666666666666666
HYDROCHLOROTHIAZIDUM+VALSARTANUM,47,17,0.06207504805829576,0.7021276595744681
HYDROCORTISONUM,13,6,0.06824002665857415,0.6923076923076923
HYDROGENII PEROXIDUM*,11,6,-0.02619596293796148,0.45454545454545453
HYDROTALCITUM+MAGNESII HYDROXIDE*,1,1,0.0919410952184242,1.0
HYDROXYETHYLAMYLUM*,50,13,-0.11016693941111788,0.24
HYDROXYETHYLAMYLUM*+NATRII CHLORIDUM*,27,9,-0.16219434980552963,0.3333333333333333
HYPERICUM PERFORATUM*&,15,4,0.04675309305339584,0.5333333333333333
IBUPROFENUM,22,14,-0.0004809409152126482,0.4090909090909091
IBUPROFENUM+LEVOMENTHOLUM,1,1,-0.020598516078250532,0.0
IBUPROFENUM+PARACETAMOLUM,2,1,-0.19216114379487562,0.0
IDARUBICINUM,6,2,-0.6480933450111532,0.3333333333333333
ILOPROSTUM,3,1,0.3401839541025406,0.6666666666666666
IMATINIBUM,6,4,0.14328648762989107,0.6666666666666666
IMIPENEMUM+CILASTATINUM,20,7,-0.06808231808283405,0.45
IMIQUIMODUM,2,1,-0.047836587556182426,0.5
IMMUNOGLOBULINUM HUMANUM*,33,7,-0.11943341602985055,0.36363636363636365
INDACATEROLUM,2,2,-0.39499007936507924,0.5
INDAPAMIDUM,4,4,0.06674823741017498,1.0
INDOMETACINUM+TROXERUTINUM,5,1,-0.057825029781624966,0.4
INFLIXIMABUM,8,2,-0.7028620774734764,0.125
INOSINUM PRANOBEX*,17,7,-0.08847608473339236,0.35294117647058826
INSULINUM GLARGINUM,1,1,0.09344207851080327,1.0
INSULINUM GLULISINUM,1,1,0.04864442810307782,1.0
INSULINUM HUMANUM,20,13,-0.00017434994540661226,0.5
INSULINUM LISPRUM,4,2,-0.7363455669102963,0.0
INTERFERONUM ALFA,18,10,-0.03809882296291349,0.5
INTERFERONUM BETA,1,1,-0.23341523341523346,0.0
IODIXANOLUM,4,1,-0.11989167099117795,0.5
IODUM*,14,6,-0.027306666787085113,0.42857142857142855
IOHEXOLUM,17,7,-0.019030467163168644,0.47058823529411764
IOPAMIDOLUM,3,2,-1.0,0.0
IOPROMIDUM,14,3,0.060142055355545794,0.5
IRBESARTANUM,3,2,-0.05172170408302347,0.0
IRINOTECAN,27,11,-0.0888119953863898,0.2962962962962963
ISONIAZIDUM,8,3,0.046000650393654176,0.625
ISOSORBIDI DINITRATE,11,5,-0.06281428495602277,0.36363636363636365
ISOTRETINOINUM,1,1,-0.026996569525231426,0.0
ITRACONAZOLUM,8,3,0.018480505689469955,0.625
IVABRADINUM,11,2,-0.007890296231669938,0.45454545454545453
KALII CHLORIDUM*,3,1,0.06519408938733973,0.6666666666666666
KALII CHLORIDUM*+CALCII CHLORIDUM*+NATRII CHLORIDUM*,7,5,-0.015432852939081195,0.42857142857142855
KALII CHLORIDUM*+MACROGOLUM+NATRII CHLORIDUM*+NATRII HYDROCARBONAS*,3,1,-0.05450177443144143,0.3333333333333333
KALII CHLORIDUM*+NATRII ACETAS*+NATRII CHLORIDUM*,3,2,-0.828060522696011,0.3333333333333333
KALII CHLORIDUM*+NATRII HYDROCARBONAS*+NATRII CHLORIDUM*,1,1,0.1305372098385695,1.0
KALII IODIDUM*,12,6,-0.04777495229735253,0.4166666666666667
KALIUM BROMIDUM*+THYMUS SERPYLLUM*&,3,2,-0.1944523673308617,0.3333333333333333
KETAMINUM,7,2,-0.1810022438294689,0.2857142857142857
KETOCONAZOLUM,6,2,-0.03015842539384993,0.3333333333333333
KETOCONAZOLUM+PYRITHIONUM ZINCUM,5,1,-0.21701541549280778,0.4
KETOPROFENUM,7,3,-0.01859674961802961,0.0
KETOROLACUM,1,1,0.04421304512709712,1.0
KETOTIFENUM,1,1,-0.374504448172289,0.0
LACOSAMIDUM,2,2,-0.12231756200400629,0.0
LACTULOSUM,8,6,-0.037260140346402675,0.375
LAMIVUDINUM,1,1,-0.007183798242262276,0.0
LAMOTRIGINUM,19,8,0.0296840683294961,0.631578947368421
LANSOPRAZOLUM,5,1,-0.07207733631849522,0.4
LAPATINIB,5,2,-0.49001015916017615,0.2
LATANOPROSTUM,3,2,0.04183482022244306,1.0
LATANOPROSTUM+TIMOLOLUM,9,5,0.10267475775398609,1.0
LECITHIN*,3,2,-0.6795058139534885,0.3333333333333333
LECITHIN*+QUERCETIN*,3,2,-1.0,0.3333333333333333
LENALIDOMIDUM,12,2,-0.7554545498906717,0.25
LEONURUS CARDIACA/QUINQUELOBATUS GILIB.*&,10,6,-0.0673127801219831,0.4
LERCANIDIPINUM,7,2,0.12404941580077494,0.8571428571428571
LETROZOLUM,6,2,0.02745454096941827,0.5
LEUPRORELINUM,14,3,-0.1082085739907406,0.35714285714285715
LEVAMLODIPINUM,1,1,-0.014843022954109018,0.0
LEVETIRACETAMUM,22,8,0.031233829732347597,0.5909090909090909
LEVOCARNITINUM,1,1,0.1050814449648367,1.0
LEVOCETIRIZINUM,36,16,0.10851071634469509,0.6111111111111112
LEVOCETIRIZINUM+MONTELUKASTUM,1,1,0.671584792231848,1.0
LEVODOPUM+CARBIDOPUM+ENTACAPONUM,7,4,-0.10183009328491052,0.2857142857142857
LEVOFLOXACINUM,37,21,-0.10219137432213495,0.35135135135135137
LEVOMENTHOLUM+METHYL SALICYLAT*,3,1,-0.25343831997063787,0.3333333333333333
LEVOMEPROMAZINUM,2,1,-0.015243083074471628,0.5
LEVONORGESTRELUM,2,2,-0.03568865619057812,0.5
LEVOTHYROXINUM NATRICUM,2,2,0.07431340350490762,1.0
LIDOCAINUM+OFLOXACINUM,3,1,0.00767695452134667,0.6666666666666666
LIDOCAINUM+PHENAZONUM,1,1,-0.005845193382311888,0.0
LIDOCAINUM+PRILOCAINUM,1,1,-0.5915086206896552,0.0
LINEZOLIDUM,21,10,0.0019993702041743,0.5238095238095238
LINUM USITATISSIMUM*&,6,2,0.05825485675040527,0.6666666666666666
LISINOPRILUM,30,14,-0.023650104166705536,0.36666666666666664
LOPERAMIDUM,2,1,-0.12855238510078962,0.0
LOPINAVIRUM+RITONAVIRUM,2,2,-0.9654714475431607,0.0
LORATADINUM,4,3,-0.12284766379398937,0.25
LOSARTANUM,24,15,0.016595876827669085,0.5416666666666666
MACROGOLUM,5,2,0.09358928034581489,0.6
MAGALDRATUM,4,1,-0.05742604660339733,0.25
MAGNESII LACTAS*+PYRIDOXINUM,1,1,-0.0593099805238054,0.0
MAGNESII OXYDUM*,2,1,-0.21187655129201588,0.5
MAGNESII SULFAS*,5,2,-0.08531088056999797,0.2
MANNITOLI HEXANITRAS,8,2,0.036989289690790135,0.625
MATRICARIA CHAMOMILLA*&,4,3,-0.27949952758152313,0.25
MEBHYDROLINUM,9,2,-0.12323339116177484,0.4444444444444444
MEDROXYPROGESTERONUM,9,1,-0.012900415585696441,0.4444444444444444
MELDONIUM,23,11,0.031330390853108646,0.5217391304347826
MELISSA+MENTHA PIPERITA+VALERIANA,2,1,0.015281045794523706,0.5
MELOXICAMUM,10,8,-0.028663102436326273,0.4
MELPHALANUM,4,1,0.4529693152919919,0.75
MEMANTINE,17,6,0.024885524174074896,0.6470588235294118
MENOTROPINUM*,14,6,0.061902722040989386,0.6428571428571429
MENTHA PIPERITA,2,2,-0.07337478154936501,0.5
MENTHOL SOLITION IN ISOVALERAT,6,3,-0.0207188891672816,0.16666666666666666
MEPIVACAINUM,15,2,-0.37053571428571425,0.4
MERCAPTOPURINUM,1,1,-1.0,0.0
MEROPENEMUM,51,13,-0.08541763729202578,0.39215686274509803
MESALAZINUM,4,3,0.1503984520891317,0.75
MESNUM,3,1,-0.5005051233944292,0.0
METAMIZOLUM NATRICUM+PITOFENONUM+FENPIVERINII BROMIDUM,3,2,0.07854385782554865,0.6666666666666666
METFORMINUM,43,15,0.01889949068165792,0.6046511627906976
METHADONUM,10,4,0.11930965269591584,0.7
METHIONINUM,4,1,-0.009534413087395565,0.5
METHOTREXATUM,25,9,0.08343291003639373,0.72
METHYLPREDNISOLONI ACEPONAS,6,4,0.024533372187972392,0.5
METHYLURACILUM*+MYRAMISTINUM*,2,2,-0.7636494252873562,0.0
METOPROLOLUM,2,2,-0.0012927938861493063,0.5
METRONIDAZOLUM,12,5,-0.09982284680642611,0.4166666666666667
METRONIDAZOLUM+MICONAZOLUM,1,1,0.8424442856736127,1.0
MIANSERINUM,1,1,-0.8553379959723507,0.0
MIFEPRISTONUM,6,1,-0.013585025442769294,0.5
MINOXIDILUM,3,1,0.09185026940333679,0.6666666666666666
MIRTAZAPINUM,3,2,0.09537752480261086,0.6666666666666666
MISOPROSTOL,1,1,-0.3398024500434946,0.0
MITOXANTRONUM,1,1,-0.5899836180669319,0.0
MOLSIDOMINUM,1,1,0.10312643541208373,1.0
MOMETASONUM,7,6,0.12196265087580326,0.7142857142857143
MONTELUKASTUM,14,7,0.004542694224150868,0.5
MORPHINUM*,9,3,0.021093414417187213,0.5555555555555556
MOXIFLOXACINUM,16,7,-0.000379539807611521,0.5
MOXONIDINUM,2,2,0.23092156811714967,1.0
MUPIROCINUM,7,4,0.2531981301755619,1.0
MYRAMISTINUM*,11,5,0.006822243656337836,0.5454545454545454
NADROPARINUM CALCICUM,11,3,-0.04375094931902189,0.36363636363636365
NAFTIFINUM,13,5,-0.045282032807846165,0.38461538461538464
NALBUPHINE HYDROCHLORIDE,46,14,0.006835304057774716,0.5434782608695652
NAPHAZOLINUM,3,1,-0.004476298914043586,0.3333333333333333
NAPROXENUM,3,1,0.2731667058960785,1.0
NATAMYCINUM,3,1,0.022869583003504498,0.6666666666666666
NATRII CHLORIDUM*,36,14,-0.0737738373758678,0.4444444444444444
NATRII HYDROCARBONAS*,3,1,0.07568961425753393,0.6666666666666666
NATRII PICOSULFAS,3,1,0.13552856840551497,0.6666666666666666
NATRII THIOSULFAS*,5,1,-0.08007397868216702,0.4
NEBIVOLOLUM,3,3,-0.006461234610422716,0.3333333333333333
NEUROPEPTIDES*,1,1,-0.025042941068849866,0.0
NICERGOLINUM,1,1,-0.1144313473945364,0.0
NICOTINUM*,14,5,0.0756382122219061,0.6428571428571429
NIFEDIPINUM,2,2,-0.04769068863827633,0.0
NIFUROXAZIDUM,16,10,-0.10815056302246101,0.25
NIMESULIDUM,8,4,-0.04962458752614273,0.375
NIMODIPINUM,3,1,-0.0960066138758797,0.3333333333333333
NINTEDANIB,1,1,0.25045085662759253,1.0
NITROFURALUM,1,1,0.18834709817976622,1.0
NITROGLICERINUM*,1,1,0.2604574988480251,1.0
NITROXOLINUM,1,1,-0.1957855099737023,0.0
NORETHISTERONUM,3,2,0.20178708874229664,1.0
NORFLOXACINUM,8,2,0.008581910233641354,0.5
NYSTATINUM,5,2,0.0367511537802794,0.6
OCTENIDINI DIHYDROCHLORIDUM+PHENOXYETHANOL,13,3,-0.024575166472769135,0.46153846153846156
OCTREOTIDUM,12,3,-0.002450183022113371,0.5
OFLOXACINUM,14,6,0.02015480818899236,0.5714285714285714
OFLOXACINUM+ORNIDAZOLUM,2,2,0.03865812359943544,0.5
OLANZAPINUM,6,4,0.10164081538815142,0.8333333333333334
OLAPARIBUM,4,2,-0.38095337569745225,0.25
OLEUM JECORIS*,2,2,-0.19109138863253697,0.0
OLEUM VASELINI (PARAFFINUM LIQUIDUM)*,2,1,-0.15197597243099753,0.0
OLOPATADINUM,3,2,-0.28352499492660493,0.3333333333333333
OMEPRAZOLUM,14,9,-0.014466597373778875,0.42857142857142855
ONDANSETRON,20,7,0.06619847282915696,0.75
ORLISTATUM,1,1,-0.9537018306867604,0.0
ORNIDAZOLUM,3,2,-0.08029954108924305,0.0
ORNITHINUM,1,1,0.03622494662728485,1.0
OSELTAMIVIRUM,11,5,-0.6464113014480402,0.2727272727272727
OXALIPLATINUM,35,18,0.08873453853472858,0.5714285714285714
OXCARBAZEPINE,1,1,0.08416914056618399,1.0
OXOLINUM*,5,3,-0.20864268064523794,0.0
OXYBUPROCAINUM,1,1,7.893628073415676,1.0
OXYCODONUM,4,2,-0.4531028125367748,0.5
OXYMETAZOLINUM,13,6,-0.13552962040827393,0.23076923076923078
PACLITAXELUM,52,19,-0.1651762055283831,0.38461538461538464
PAEONIA OFFICINALIS*&,1,1,0.31486654593463553,1.0
PALBOCICLIBUM,2,1,-0.3069413938009853,0.5
PALIPERIDONUM,21,4,-0.6037735849056605,0.19047619047619047
PANCREATINUM*,14,7,-0.12088068098475496,0.35714285714285715
PANTOPRAZOLUM,5,4,0.03925892450610141,0.6
PARACETAMOLUM,14,8,-0.14483964817719502,0.42857142857142855
PAZOPANIBUM,1,1,-0.20021916092673755,0.0
PEGINTERFERONUM ALFA-2A,8,1,-0.24597815453669203,0.375
PEMETREXEDUM,8,3,-0.17912558432087472,0.25
PENCICLOVIRUM,2,1,-0.06102398430083114,0.5
PENTOXIFYLLINUM,8,2,-0.0204897047523721,0.375
PERINDOPRILUM,13,6,0.0007009868462670053,0.5384615384615384
PHENIBUTUM*,5,4,-0.09298012623450576,0.4
PHENOBARBITALUM,2,1,0.20598743166487932,1.0
PHENYTOINUM,7,1,0.00963880095438077,0.5714285714285714
PHOSPHOLIPIDES*,3,1,-0.009334141820904257,0.3333333333333333
PHTHALYLSULFATHIAZOLUM,6,3,-0.04905922193868493,0.3333333333333333
PILOCARPINUM*,10,1,-0.015194999193662809,0.5
PIMECROLIMUSUM,1,1,0.013080303798217764,1.0
PINAVERII BROMIDUM,3,2,0.4267877412031782,0.6666666666666666
PIPERACILLINUM+TASOBACTAMUM,7,3,0.03747203768122786,0.5714285714285714
PIRACETAMUM,6,4,0.0029723580911452177,0.5
PIRENZEPINUM,2,2,-0.5807538124560896,0.0
PIROXICAMUM,7,3,-0.011648400765428087,0.42857142857142855
PITAVASTATINUM,3,1,-0.05404750363548217,0.3333333333333333
PIX BETULA+XEROFORMIUM*,12,5,-0.06274740313784362,0.16666666666666666
PLANTAGO (SEMENI PSYLLIUM),3,2,-0.48645557692474817,0.3333333333333333
PLANTAGO MAJOR/PSYLLUM/LANCEOLATA*&+THYMUS SERPYLLUM*&,2,1,-0.4652707443124411,0.0
POLYGONUM AVICULARE*&,5,3,0.05351422416719649,0.6
POLYGONUM HYDROPIPER*&,1,1,-0.0027980625247232315,0.0
POVIDONUM,13,6,-0.01712958972135054,0.46153846153846156
PRAMIPEXOLUM,9,6,0.03615315994877507,0.5555555555555556
PREDNICARBATUM,2,2,-0.1262136634546483,0.0
PREDNISOLONUM,1,1,-0.22745870110007418,0.0
PREGABALINUM,23,14,0.05624221620717592,0.7391304347826086
PRIFINII BROMIDUM,1,1,-1.0,0.0
PROCAINUM,5,2,-0.011671329135174111,0.4
PROGESTERONUM,7,4,-0.038263453820930965,0.14285714285714285
PROMESTRIENUM,3,2,-0.3555166374781089,0.3333333333333333
PROPOFOLUM,71,14,-0.1529615194598451,0.4647887323943662
PROPOLIS*,1,1,-0.2633022087018592,0.0
PROSTATILENUM*,2,2,0.0010967869330961444,0.5
PYRAZINAMIDUM,3,1,-0.28817970141076577,0.0
PYRITHIONUM ZINCUM,7,3,-0.08910655857282777,0.42857142857142855
QUERCUS ROBUR/PETRAE*&,3,1,0.04605076612221696,1.0
QUETIAPINUM,3,2,0.11534849586328239,0.6666666666666666
QUINAGOLIDUM,3,2,-1.0,0.0
QUINAPRILUM,5,2,-1.0,0.0
RABEPRAZOLUM,24,6,0.017465623357031435,0.5416666666666666
RAMIPRILUM,12,3,0.0015994818265098083,0.5
RANITIDINUM,14,4,-0.034647079241586345,0.42857142857142855
RETINOLUM,8,2,0.0490525615472425,0.5
RETINOLUM+TOCOPHEROLI ACETAS*,1,1,-0.306070056539929,0.0
RHODIOLA ROSEA*&,5,1,-0.02922276329000402,0.2
RIBAVIRINUM,4,3,-0.27943079707344287,0.25
RICINUS COMMUNIS*&,1,1,-0.0007563379798134845,0.0
RIMANTADINUM,1,1,0.2427475852834793,1.0
RISPERIDONUM,17,8,0.00984196097147921,0.5882352941176471
RITUXIMABUM,21,7,-0.16518622409225497,0.42857142857142855
RIVASTIGMINUM,2,2,-0.026131309056646256,0.5
RIZATRIPTANUM,1,1,0.4719753932189976,1.0
ROCURONII BROMIDUM,10,2,-0.5690646374936827,0.2
ROFECOXIBUM,5,2,-1.0,0.0
ROPIVACAINUM,9,3,-0.7416954075149755,0.3333333333333333
ROSA L.*&,3,2,-0.13257354870602733,0.3333333333333333
ROSUVASTATINUM,28,14,0.09454757182518722,0.7857142857142857
SALBUTAMOLUM,4,2,0.02820755061442123,0.5
SALVIA OFFICINALIS*&,14,4,-0.00824707705626741,0.42857142857142855
SAMBUCUS NIGRA*&,3,1,-0.12719540108325347,0.3333333333333333
SAXAGLIPTINUM,2,2,9.398149484018841,1.0
SELEGILINUM,4,1,-0.07137066548170776,0.25
SERENOA REPENS*&,1,1,-0.5401951720595787,0.0
SERRAPEPTASUM,1,1,0.1795090172024574,1.0
SERTACONAZOLUM,2,1,0.11725288256549928,1.0
SERTINDOLE,1,1,-0.11172287288214044,0.0
SERTRALINUM,11,4,0.07891324284898295,0.9090909090909091
SEVOFLURAN,13,3,0.10924369747899149,0.6153846153846154
SILDENAFILUM,61,32,0.04647855096809453,0.639344262295082
SILIMARINUM*,12,5,0.10482189024527747,0.6666666666666666
SILVER PROTEINATE,1,1,-0.5332508523300178,0.0
SILYBUM MARIANUM*&,1,1,0.3502777291678651,1.0
SIMETICONUM,17,9,-0.0027444438520251757,0.47058823529411764
SIMVASTATINUM,16,7,0.056396180503721506,0.6875
SITAGLIPTINUM,1,1,0.12269365708372235,1.0
SODIUM DIHYDROPHOSPHAS+SODIUM HYDROPHOSPHAS,8,2,-0.20427902401760717,0.5
SODIUM MEPHENAMINUM*+VINILINUM*,8,1,-0.0645095608025629,0.375
SOFOSBUVIRUM,1,1,-0.9174725983236622,0.0
SOFOSBUVIRUM+LEDIPASVIRUM,2,1,0.23235557016096597,0.5
SOFOSBUVIRUM+VELPATASVIRUM,2,2,0.9434782608695649,1.0
SOLIFENACINUM,1,1,0.04808705622486566,1.0
SOMATROPINUM,10,4,-0.1452404061214469,0.3
SOTALOLUM,5,1,0.07784509806363049,0.6
SPIRITUS AETHYLICUS*,61,23,-0.027049457091420065,0.4262295081967213
STROPHANTINUM*,3,2,-0.12863950172594926,0.3333333333333333
SULFADIAZINUM,2,1,0.09160703219129561,1.0
SULFADIMETHOXINUM,13,5,-0.5194982875084349,0.46153846153846156
SULFANILAMIDUM,7,4,-0.03750127786805195,0.2857142857142857
SULFUR*,2,2,-0.08864415756791544,0.0
SULPIRIDUM,15,2,-0.07535345638222977,0.4
SUMATRIPTANUM,16,5,0.006807783813066905,0.5625
SUNITINIBUM,10,3,-0.5292822588606978,0.4
SUXAMETHONII CHLORIDUM,4,2,-0.3907588348153592,0.25
SYMPHYTUM OFFICINALE*,10,3,0.12699079214242515,0.6
SYMPHYTUM OFFICINALE*+TOCOPHEROLI ACETAS*,2,2,0.026354488506230456,0.5
TACROLIMUSUM,41,9,0.014082693481034433,0.5609756097560976
TADALAFILUM,11,6,0.1523570487242376,0.6363636363636364
TAFLUPROSTUM,1,1,0.06534489684996575,1.0
TALAZOPARIBUM,1,1,-0.8076923076923077,0.0
TAURINUM,10,1,-0.05121582012333606,0.3
TEICOPLANINUM,10,2,-0.04563755094879962,0.5
TELMISARTANUM,6,5,-0.016010376253487377,0.3333333333333333
TEMOZOLOMIDUM,31,8,0.028343867092620014,0.5161290322580645
TENOFOVIRUM,7,3,0.2662235023446142,0.7142857142857143
TENOXICAMUM,5,2,-0.009562190065954268,0.4
TERBINAFINUM,3,3,0.13134805132320493,1.0
TETRACYCLINUM,1,1,-0.021056725661875133,0.0
TETRYZOLINUM,2,1,-0.05517856101500465,0.5
THALIDOMIDUM,1,1,-0.28365384615384615,0.0
THIOPENTALUM NATRIСUM,8,1,-0.29719392644887666,0.375
TIGECYCLINE,2,1,0.1598048946937688,1.0
TILIA CORDATA/PLATYPHYLLUS SCOP.*&,1,1,-0.6127634048238874,0.0
TILORONUM,9,2,-0.07114682428224267,0.4444444444444444
TIMOLOLUM,6,3,-0.043718351867208245,0.16666666666666666
TIPIRACILUM+TRIFLURIDINUM,13,2,-0.3478260869565218,0.3076923076923077
TOBRAMYCINUM,5,5,0.05853973743081501,0.8
TOCILIZUMAB,10,5,-0.7167110014832104,0.3
TOCOPHEROLI ACETAS*,3,1,0.0335365073952518,0.6666666666666666
TOLPERISONUM,7,4,-0.035120604235506295,0.42857142857142855
TOPIRAMATUM,4,2,0.07307876070215354,0.75
TORASEMIDUM,13,7,0.050584598533610754,0.6153846153846154
TOREMIFENUM,1,1,-0.06714804257059918,0.0
TRAMADOLUM,7,5,0.08670692705235265,0.5714285714285714
TRANEXAMIC ACID,23,12,0.03322272914612135,0.8260869565217391
TRASTUZUMABUM EMTANSINUM,1,1,-0.9949804796430562,0.0
TRAVOPROSTUM,1,1,-0.04583537368177766,0.0
TRIAMCINOLONUM,4,1,-0.0074878898779162815,0.25
TRIDECANAMINI UNDECYLENAS*,1,1,0.21735066673823994,1.0
TRIMEPERIDINUM,8,3,2.0812696128400394,0.5
TRIMETAZIDINUM,7,5,-0.09811057941569708,0.42857142857142855
TRIPTORELINUM,17,3,-0.04514821393175995,0.29411764705882354
TROPICAMIDUM,2,1,0.12884530826178547,1.0
TROXERUTINUM,5,2,0.054009716340099954,0.6
TUSSILAGO FARFARA*&,2,1,-0.04134834116825403,0.5
UDENAFILUM,2,1,0.11945790840569769,1.0
UMIFENOVIRUM,2,1,-0.5245741427606028,0.0
URAPIDILUM,13,3,-0.0371576376670779,0.38461538461538464
UREA PURA*,4,2,-0.008421748895405904,0.5
URSODESOXYCHOLIC ACID,11,4,0.0039600046852832456,0.5454545454545454
URTICA DIOICA*&,4,1,-0.038680911059619884,0.5
USTECINUMAB,2,2,-1.0,0.0
VALERIANA OFFICINALIS*&,14,7,-0.040530976092605836,0.21428571428571427
VALERIANA*&+ATROPA BELLADONNA*&+CONVALLARIA MAJALIS/TRANSCAUCASICA UTKIN EX GROSSH./KEISKEI MIG.*&+MENTHOLUM*,2,1,-0.09160621999165597,0.5
VALSARTANUM,21,9,0.09047519258256695,0.8095238095238095
VANCOMYCINUM,10,3,0.03283990152498962,0.6
VARENICLINUM,1,1,-1.0,0.0
VASELINUM*,1,1,-0.11682081991691903,0.0
VENETOCLAXUM,3,2,-0.7804054054054054,0.3333333333333333
VENLAFAXINUM,12,2,0.06539260795255691,0.75
VINCRISTINUM,3,1,0.06382959915471376,0.6666666666666666
VINORELBINUM,15,5,-0.7595146379044684,0.3333333333333333
VINPOCETINUM,13,5,0.0388140663297816,0.6923076923076923
VIOLA TRICOLOR/ARVENSIS MURR.*&,7,2,-0.1354877994565563,0.2857142857142857
VIRIDE NITENS*,10,5,-0.1390033927549891,0.4
VITAMIN C+CHLORPHENAMINUM+PARACETAMOLUM,5,3,-0.3538367450833508,0.2
VITAMIN C+COFFEINUM*+PARACETAMOLUM+PHENIRAMINUM+PHENYLEPHRINUM,6,2,0.20359263332917654,0.6666666666666666
VITAMIN C+NICOTINAMIDUM+PYRIDOXINUM+RETINOLUM+RIBOFLAVINUM+THIAMINUM,4,1,-0.2148266586939775,0.25
VITAMIN C+PARACETAMOLUM,3,2,-0.3417646852047503,0.3333333333333333
VITAMIN C+PARACETAMOLUM+PHENIRAMINUM,2,2,1.6196980419328124,1.0
VITAMIN C+PARACETAMOLUM+PHENIRAMINUM+PHENYLEPHRINUM,4,2,-0.2939779729085203,0.25
VITAMIN C+PARACETAMOLUM+PHENYLEPHRINUM,1,1,0.27298045468174087,1.0
VITAMIN C+PROPOLIS*,3,2,-0.08630302407440697,0.3333333333333333
VITAMIN C+RETINOLUM+RIBOFLAVINUM+THIAMINUM,1,1,-0.34064898762651186,0.0
VITAMIN C+RUTOSIDUM,1,1,0.27942610866763623,1.0
VORICONAZOLUM,27,8,-0.001744280382930361,0.48148148148148145
WARFARINUM,8,4,-0.043270649964036324,0.25
XYLOMETAZOLINUM,7,3,0.098457362023154,0.5714285714285714
ZINCI OXYDUM*,2,1,-0.009470685119950029,0.5
ZIPRASIDONUM,2,2,-0.5660213618157544,0.0
ZOLEDRONIC ACID,23,10,-0.07771342560780069,0.391304347826087
ZOLMITRIPTANUM,7,4,0.041165666443342935,0.8571428571428571
ZOPICLONUM,4,1,0.2283106141206815,0.75
