INN,month,sales
ACETYLCYSTEINUM,2019-01,366281.12
ACETYLCYSTEINUM,2019-02,223061.52
ACETYLCYSTEINUM,2019-03,225567.7
ACETYLCYSTEINUM,2019-04,184651.09
ACETYLCYSTEINUM,2019-05,143854.46
ACETYLCYSTEINUM,2019-06,91782.88
ACETYLCYSTEINUM,2019-07,82115.97
ACETYLCYSTEINUM,2019-08,88815.57
ACETYLCYSTEINUM,2019-09,170604.57
ACETYLCYSTEINUM,2019-10,249288.16
ACETYLCYSTEINUM,2019-11,232407.97
ACETYLCYSTEINUM,2019-12,269007.61
ACETYLCYSTEINUM,2020-01,290792.92
ACETYLCYSTEINUM,2020-02,265217.91
ACETYLCYSTEINUM,2020-03,317432.1
ACETYLCYSTEINUM,2020-04,94399.98
ACETYLCYSTEINUM,2020-05,45028.1
ACETYLCYSTEINUM,2020-06,32370.16
ACETYLCYSTEINUM,2020-07,43658.13
ACETYLCYSTEINUM,2020-08,96069.22
ACETYLCYSTEINUM,2020-09,192109.69
ACETYLCYSTEINUM,2020-10,314774.15
ACETYLCYSTEINUM,2020-11,324574.83
ACETYLCYSTEINUM,2020-12,256853.28
ACETYLCYSTEINUM,2021-01,164490.14
ACETYLCYSTEINUM,2021-02,153912.54
ACETYLCYSTEINUM,2021-03,291708.52
ACETYLCYSTEINUM,2021-04,228219.38999999998
ACETYLCYSTEINUM,2021-05,146781.45
ACETYLCYSTEINUM,2021-06,118107.36
ACETYLCYSTEINUM,2021-07,85981.78
ACETYLCYSTEINUM,2021-08,116675.06999999999
ACETYLCYSTEINUM,2021-09,262057.12999999998
ACETYLCYSTEINUM,2021-10,458776.13
ACETYLCYSTEINUM,2021-11,336089.83
ACETYLCYSTEINUM,2021-12,260583.87
ACETYLCYSTEINUM,2022-01,385444.95
ACETYLCYSTEINUM,2022-02,412120.52999999997
ACETYLCYSTEINUM,2022-03,149119.29
ACETYLCYSTEINUM,2022-04,52928.95
ACETYLCYSTEINUM,2022-05,40251.72
ACETYLCYSTEINUM,2022-06,31491.17
ACETYLCYSTEINUM,2022-07,40267.01
ACETYLCYSTEINUM,2022-08,54795.72
ACETYLCYSTEINUM,2022-09,137720.65
ACETYLCYSTEINUM,2022-10,193000.4
ACETYLCYSTEINUM,2022-11,187830.6
ACETYLCYSTEINUM,2022-12,314591.09
ACETYLCYSTEINUM,2023-01,256554.04
ACETYLCYSTEINUM,2023-02,219469.96000000002
ACETYLCYSTEINUM,2023-03,206609.14
ACETYLCYSTEINUM,2023-04,150549.18
ACETYLCYSTEINUM,2023-05,124130.11
ACETYLCYSTEINUM,2023-06,86652.42
ACETYLCYSTEINUM,2023-07,59250.79
ACETYLCYSTEINUM,2023-08,61712.97
ACETYLCYSTEINUM,2023-09,134449.22
ACETYLCYSTEINUM,2023-10,210299.55
ACETYLCYSTEINUM,2023-11,208467.24
ACETYLCYSTEINUM,2023-12,256006.28
ACIDUM ACETYLSALICYLICUM*,2019-01,1624307.64
ACIDUM ACETYLSALICYLICUM*,2019-02,1450926.6400000001
ACIDUM ACETYLSALICYLICUM*,2019-03,1529857.6
ACIDUM ACETYLSALICYLICUM*,2019-04,1336680.25
ACIDUM ACETYLSALICYLICUM*,2019-05,1387119.88
ACIDUM ACETYLSALICYLICUM*,2019-06,1940414.9
ACIDUM ACETYLSALICYLICUM*,2019-07,2707328.66
ACIDUM ACETYLSALICYLICUM*,2019-08,4055937.67
ACIDUM ACETYLSALICYLICUM*,2019-09,2554852.1
ACIDUM ACETYLSALICYLICUM*,2019-10,1714693.0
ACIDUM ACETYLSALICYLICUM*,2019-11,1539124.48
ACIDUM ACETYLSALICYLICUM*,2019-12,1592920.3900000001
ACIDUM ACETYLSALICYLICUM*,2020-01,1616359.4
ACIDUM ACETYLSALICYLICUM*,2020-02,1629246.17
ACIDUM ACETYLSALICYLICUM*,2020-03,2572591.88
ACIDUM ACETYLSALICYLICUM*,2020-04,1197481.18
ACIDUM ACETYLSALICYLICUM*,2020-05,1190124.53
ACIDUM ACETYLSALICYLICUM*,2020-06,1450436.79
ACIDUM ACETYLSALICYLICUM*,2020-07,2159737.25
ACIDUM ACETYLSALICYLICUM*,2020-08,3513268.24
ACIDUM ACETYLSALICYLICUM*,2020-09,2931654.37
ACIDUM ACETYLSALICYLICUM*,2020-10,2469984.84
ACIDUM ACETYLSALICYLICUM*,2020-11,2754144.6
ACIDUM ACETYLSALICYLICUM*,2020-12,2118142.23
ACIDUM ACETYLSALICYLICUM*,2021-01,1698299.3
ACIDUM ACETYLSALICYLICUM*,2021-02,1561511.41
ACIDUM ACETYLSALICYLICUM*,2021-03,2225273.13
ACIDUM ACETYLSALICYLICUM*,2021-04,2062184.75
ACIDUM ACETYLSALICYLICUM*,2021-05,1789952.09
ACIDUM ACETYLSALICYLICUM*,2021-06,1843999.77
ACIDUM ACETYLSALICYLICUM*,2021-07,3055104.0
ACIDUM ACETYLSALICYLICUM*,2021-08,4217280.43
ACIDUM ACETYLSALICYLICUM*,2021-09,2840527.96
ACIDUM ACETYLSALICYLICUM*,2021-10,2598086.0900000003
ACIDUM ACETYLSALICYLICUM*,2021-11,2389135.77
ACIDUM ACETYLSALICYLICUM*,2021-12,2055357.19
ACIDUM ACETYLSALICYLICUM*,2022-01,2186764.51
ACIDUM ACETYLSALICYLICUM*,2022-02,2637176.38
ACIDUM ACETYLSALICYLICUM*,2022-03,2020401.75
ACIDUM ACETYLSALICYLICUM*,2022-04,1247071.79
ACIDUM ACETYLSALICYLICUM*,2022-05,1430870.37
ACIDUM ACETYLSALICYLICUM*,2022-06,1624259.81
ACIDUM ACETYLSALICYLICUM*,2022-07,2214062.34
ACIDUM ACETYLSALICYLICUM*,2022-08,3171491.2600000002
ACIDUM ACETYLSALICYLICUM*,2022-09,2120885.15
ACIDUM ACETYLSALICYLICUM*,2022-10,1594847.04
ACIDUM ACETYLSALICYLICUM*,2022-11,1470589.71
ACIDUM ACETYLSALICYLICUM*,2022-12,1589044.31
ACIDUM ACETYLSALICYLICUM*,2023-01,1497159.7
ACIDUM ACETYLSALICYLICUM*,2023-02,1448578.78
ACIDUM ACETYLSALICYLICUM*,2023-03,1836577.59
ACIDUM ACETYLSALICYLICUM*,2023-04,1509081.24
ACIDUM ACETYLSALICYLICUM*,2023-05,1532510.8699999999
ACIDUM ACETYLSALICYLICUM*,2023-06,1666111.32
ACIDUM ACETYLSALICYLICUM*,2023-07,2310721.0500000003
ACIDUM ACETYLSALICYLICUM*,2023-08,3773618.45
ACIDUM ACETYLSALICYLICUM*,2023-09,2150809.48
ACIDUM ACETYLSALICYLICUM*,2023-10,1576390.78
ACIDUM ACETYLSALICYLICUM*,2023-11,1503210.16
ACIDUM ACETYLSALICYLICUM*,2023-12,1548135.73
AMBROXOLUM,2019-01,963625.88
AMBROXOLUM,2019-02,653507.78
AMBROXOLUM,2019-03,676692.55
AMBROXOLUM,2019-04,601390.69
AMBROXOLUM,2019-05,488356.62
AMBROXOLUM,2019-06,330539.7
AMBROXOLUM,2019-07,280371.98
AMBROXOLUM,2019-08,291949.8
AMBROXOLUM,2019-09,549262.66
AMBROXOLUM,2019-10,722061.52
AMBROXOLUM,2019-11,678112.47
AMBROXOLUM,2019-12,738089.7
AMBROXOLUM,2020-01,759118.08
AMBROXOLUM,2020-02,749782.9299999999
AMBROXOLUM,2020-03,814732.96
AMBROXOLUM,2020-04,278362.02
AMBROXOLUM,2020-05,139774.95
AMBROXOLUM,2020-06,103376.14
AMBROXOLUM,2020-07,130615.93000000001
AMBROXOLUM,2020-08,257812.67
AMBROXOLUM,2020-09,493026.8
AMBROXOLUM,2020-10,685151.45
AMBROXOLUM,2020-11,659166.86
AMBROXOLUM,2020-12,566380.39
AMBROXOLUM,2021-01,385751.82
AMBROXOLUM,2021-02,363420.19
AMBROXOLUM,2021-03,627275.76
AMBROXOLUM,2021-04,509390.85
AMBROXOLUM,2021-05,392590.14999999997
AMBROXOLUM,2021-06,334644.69
AMBROXOLUM,2021-07,242244.56
AMBROXOLUM,2021-08,300326.68
AMBROXOLUM,2021-09,631964.72
AMBROXOLUM,2021-10,947099.7
AMBROXOLUM,2021-11,683887.9
AMBROXOLUM,2021-12,574711.05
AMBROXOLUM,2022-01,681508.98
AMBROXOLUM,2022-02,715716.0599999999
AMBROXOLUM,2022-03,346888.66000000003
AMBROXOLUM,2022-04,133444.61
AMBROXOLUM,2022-05,101213.69
AMBROXOLUM,2022-06,78148.47
AMBROXOLUM,2022-07,93101.52
AMBROXOLUM,2022-08,118224.76
AMBROXOLUM,2022-09,279799.17
AMBROXOLUM,2022-10,341079.54
AMBROXOLUM,2022-11,324627.96
AMBROXOLUM,2022-12,460727.55
AMBROXOLUM,2023-01,405190.52
AMBROXOLUM,2023-02,351729.14
AMBROXOLUM,2023-03,358866.6
AMBROXOLUM,2023-04,291792.22
AMBROXOLUM,2023-05,263149.54
AMBROXOLUM,2023-06,187735.19
AMBROXOLUM,2023-07,137284.37
AMBROXOLUM,2023-08,140574.38
AMBROXOLUM,2023-09,265674.3
AMBROXOLUM,2023-10,396105.09
AMBROXOLUM,2023-11,405134.29
AMBROXOLUM,2023-12,478153.82
AMLODIPINUM,2019-01,470275.74
AMLODIPINUM,2019-02,549624.6
AMLODIPINUM,2019-03,503962.58999999997
AMLODIPINUM,2019-04,467673.85000000003
AMLODIPINUM,2019-05,530090.48
AMLODIPINUM,2019-06,449967.42
AMLODIPINUM,2019-07,479276.47000000003
AMLODIPINUM,2019-08,474552.03
AMLODIPINUM,2019-09,479977.64999999997
AMLODIPINUM,2019-10,540760.18
AMLODIPINUM,2019-11,572929.33
AMLODIPINUM,2019-12,592750.37
AMLODIPINUM,2020-01,568584.4299999999
AMLODIPINUM,2020-02,590744.11
AMLODIPINUM,2020-03,610765.07
AMLODIPINUM,2020-04,413661.49
AMLODIPINUM,2020-05,452333.72
AMLODIPINUM,2020-06,450755.45
AMLODIPINUM,2020-07,447492.6
AMLODIPINUM,2020-08,439988.22000000003
AMLODIPINUM,2020-09,469428.66000000003
AMLODIPINUM,2020-10,503616.32
AMLODIPINUM,2020-11,502214.19
AMLODIPINUM,2020-12,544395.04
AMLODIPINUM,2021-01,503519.72
AMLODIPINUM,2021-02,515051.35000000003
AMLODIPINUM,2021-03,557018.27
AMLODIPINUM,2021-04,499928.93
AMLODIPINUM,2021-05,490622.39
AMLODIPINUM,2021-06,472010.79000000004
AMLODIPINUM,2021-07,440012.3
AMLODIPINUM,2021-08,412117.45
AMLODIPINUM,2021-09,452762.6
AMLODIPINUM,2021-10,467724.52999999997
AMLODIPINUM,2021-11,469257.89
AMLODIPINUM,2021-12,497248.08
AMLODIPINUM,2022-01,474233.43
AMLODIPINUM,2022-02,571648.47
AMLODIPINUM,2022-03,608231.83
AMLODIPINUM,2022-04,380692.12
AMLODIPINUM,2022-05,388324.1
AMLODIPINUM,2022-06,333957.08
AMLODIPINUM,2022-07,336814.66
AMLODIPINUM,2022-08,327631.77
AMLODIPINUM,2022-09,354702.43
AMLODIPINUM,2022-10,399347.47000000003
AMLODIPINUM,2022-11,402556.58
AMLODIPINUM,2022-12,419971.41000000003
AMLODIPINUM,2023-01,384477.37
AMLODIPINUM,2023-02,389484.13
AMLODIPINUM,2023-03,490325.82
AMLODIPINUM,2023-04,403399.62
AMLODIPINUM,2023-05,380574.27
AMLODIPINUM,2023-06,362662.24
AMLODIPINUM,2023-07,337115.04
AMLODIPINUM,2023-08,352996.4
AMLODIPINUM,2023-09,361273.73
AMLODIPINUM,2023-10,389271.02999999997
AMLODIPINUM,2023-11,400057.99
AMLODIPINUM,2023-12,418785.28
ATORVASTATINUM,2019-01,135434.95
ATORVASTATINUM,2019-02,135894.3
ATORVASTATINUM,2019-03,150162.54
ATORVASTATINUM,2019-04,137358.89
ATORVASTATINUM,2019-05,139347.16
ATORVASTATINUM,2019-06,130160.47
ATORVASTATINUM,2019-07,133237.55
ATORVASTATINUM,2019-08,137035.63
ATORVASTATINUM,2019-09,133910.51
ATORVASTATINUM,2019-10,145249.72
ATORVASTATINUM,2019-11,158917.5
ATORVASTATINUM,2019-12,169999.06
ATORVASTATINUM,2020-01,164222.0
ATORVASTATINUM,2020-02,158031.89
ATORVASTATINUM,2020-03,163258.0
ATORVASTATINUM,2020-04,105779.32
ATORVASTATINUM,2020-05,113891.78
ATORVASTATINUM,2020-06,117092.8
ATORVASTATINUM,2020-07,122022.39
ATORVASTATINUM,2020-08,132048.87
ATORVASTATINUM,2020-09,132024.12
ATORVASTATINUM,2020-10,142674.57
ATORVASTATINUM,2020-11,148458.62
ATORVASTATINUM,2020-12,153606.07
ATORVASTATINUM,2021-01,149894.58000000002
ATORVASTATINUM,2021-02,150535.69
ATORVASTATINUM,2021-03,162203.6
ATORVASTATINUM,2021-04,152211.59
ATORVASTATINUM,2021-05,150843.24
ATORVASTATINUM,2021-06,147637.6
ATORVASTATINUM,2021-07,146719.54
ATORVASTATINUM,2021-08,144030.8
ATORVASTATINUM,2021-09,149168.33000000002
ATORVASTATINUM,2021-10,161177.51
ATORVASTATINUM,2021-11,157716.76
ATORVASTATINUM,2021-12,158258.83000000002
ATORVASTATINUM,2022-01,158796.4
ATORVASTATINUM,2022-02,177092.47
ATORVASTATINUM,2022-03,156100.9
ATORVASTATINUM,2022-04,97496.49
ATORVASTATINUM,2022-05,101133.44
ATORVASTATINUM,2022-06,97375.88
ATORVASTATINUM,2022-07,108073.83
ATORVASTATINUM,2022-08,111136.8
ATORVASTATINUM,2022-09,115072.47
ATORVASTATINUM,2022-10,130627.95
ATORVASTATINUM,2022-11,133974.31
ATORVASTATINUM,2022-12,137990.45
ATORVASTATINUM,2023-01,132852.85
ATORVASTATINUM,2023-02,132155.07
ATORVASTATINUM,2023-03,160638.74
ATORVASTATINUM,2023-04,131664.81
ATORVASTATINUM,2023-05,137001.62
ATORVASTATINUM,2023-06,132074.71
ATORVASTATINUM,2023-07,128982.87
ATORVASTATINUM,2023-08,136626.03
ATORVASTATINUM,2023-09,136607.01
ATORVASTATINUM,2023-10,141469.69
ATORVASTATINUM,2023-11,142123.19
ATORVASTATINUM,2023-12,146274.93
AZITHROMYCINUM,2019-01,734709.1799999999
AZITHROMYCINUM,2019-02,498766.8
AZITHROMYCINUM,2019-03,507655.82
AZITHROMYCINUM,2019-04,462127.20999999996
AZITHROMYCINUM,2019-05,407944.22
AZITHROMYCINUM,2019-06,326648.08
AZITHROMYCINUM,2019-07,310839.71
AZITHROMYCINUM,2019-08,326944.12
AZITHROMYCINUM,2019-09,463653.39999999997
AZITHROMYCINUM,2019-10,536355.29
AZITHROMYCINUM,2019-11,531050.78
AZITHROMYCINUM,2019-12,601158.63
AZITHROMYCINUM,2020-01,666904.63
AZITHROMYCINUM,2020-02,650229.15
AZITHROMYCINUM,2020-03,927598.55
AZITHROMYCINUM,2020-04,400138.91
AZITHROMYCINUM,2020-05,205949.41999999998
AZITHROMYCINUM,2020-06,207406.59
AZITHROMYCINUM,2020-07,278100.71
AZITHROMYCINUM,2020-08,549526.1
AZITHROMYCINUM,2020-09,992277.32
AZITHROMYCINUM,2020-10,1578512.11
AZITHROMYCINUM,2020-11,1191577.28
AZITHROMYCINUM,2020-12,742431.6699999999
AZITHROMYCINUM,2021-01,451909.22000000003
AZITHROMYCINUM,2021-02,391946.3
AZITHROMYCINUM,2021-03,749513.02
AZITHROMYCINUM,2021-04,579129.49
AZITHROMYCINUM,2021-05,407350.44
AZITHROMYCINUM,2021-06,343459.16
AZITHROMYCINUM,2021-07,298742.62
AZITHROMYCINUM,2021-08,375177.27
AZITHROMYCINUM,2021-09,649890.15
AZITHROMYCINUM,2021-10,1036815.12
AZITHROMYCINUM,2021-11,709460.91
AZITHROMYCINUM,2021-12,580423.9
AZITHROMYCINUM,2022-01,868516.67
AZITHROMYCINUM,2022-02,980801.75
AZITHROMYCINUM,2022-03,427308.29
AZITHROMYCINUM,2022-04,161155.28
AZITHROMYCINUM,2022-05,144785.68
AZITHROMYCINUM,2022-06,136695.91
AZITHROMYCINUM,2022-07,422135.05
AZITHROMYCINUM,2022-08,222983.81
AZITHROMYCINUM,2022-09,301102.16000000003
AZITHROMYCINUM,2022-10,316894.8
AZITHROMYCINUM,2022-11,294772.85
AZITHROMYCINUM,2022-12,437650.56
AZITHROMYCINUM,2023-01,387748.16
AZITHROMYCINUM,2023-02,325400.05
AZITHROMYCINUM,2023-03,395086.84
AZITHROMYCINUM,2023-04,310319.07
AZITHROMYCINUM,2023-05,283311.73
AZITHROMYCINUM,2023-06,244987.04
AZITHROMYCINUM,2023-07,210154.08
AZITHROMYCINUM,2023-08,221845.94999999998
AZITHROMYCINUM,2023-09,324133.65
AZITHROMYCINUM,2023-10,402720.58999999997
AZITHROMYCINUM,2023-11,388742.16
AZITHROMYCINUM,2023-12,482266.95
BISOPROLOLUM,2019-01,680832.64
BISOPROLOLUM,2019-02,734357.38
BISOPROLOLUM,2019-03,720055.85
BISOPROLOLUM,2019-04,688861.73
BISOPROLOLUM,2019-05,766702.63
BISOPROLOLUM,2019-06,698654.78
BISOPROLOLUM,2019-07,740243.51
BISOPROLOLUM,2019-08,754533.32
BISOPROLOLUM,2019-09,765411.45
BISOPROLOLUM,2019-10,850243.53
BISOPROLOLUM,2019-11,889909.8
BISOPROLOLUM,2019-12,955878.05
BISOPROLOLUM,2020-01,928096.04
BISOPROLOLUM,2020-02,943127.0
BISOPROLOLUM,2020-03,980399.34
BISOPROLOLUM,2020-04,645760.05
BISOPROLOLUM,2020-05,710187.81
BISOPROLOLUM,2020-06,740138.19
BISOPROLOLUM,2020-07,752476.9
BISOPROLOLUM,2020-08,772536.68
BISOPROLOLUM,2020-09,804970.2899999999
BISOPROLOLUM,2020-10,862503.43
BISOPROLOLUM,2020-11,846317.42
BISOPROLOLUM,2020-12,939730.24
BISOPROLOLUM,2021-01,900633.7
BISOPROLOLUM,2021-02,893325.51
BISOPROLOLUM,2021-03,972196.9199999999
BISOPROLOLUM,2021-04,888810.66
BISOPROLOLUM,2021-05,889474.88
BISOPROLOLUM,2021-06,878756.87
BISOPROLOLUM,2021-07,842290.37
BISOPROLOLUM,2021-08,816738.88
BISOPROLOLUM,2021-09,870843.77
BISOPROLOLUM,2021-10,914246.93
BISOPROLOLUM,2021-11,910019.0599999999
BISOPROLOLUM,2021-12,947614.32
BISOPROLOLUM,2022-01,932448.73
BISOPROLOLUM,2022-02,1142336.3
BISOPROLOLUM,2022-03,1071311.61
BISOPROLOLUM,2022-04,710019.16
BISOPROLOLUM,2022-05,731868.5800000001
BISOPROLOLUM,2022-06,664107.9299999999
BISOPROLOLUM,2022-07,692833.5
BISOPROLOLUM,2022-08,695025.58
BISOPROLOLUM,2022-09,723134.66
BISOPROLOLUM,2022-10,807762.1
BISOPROLOLUM,2022-11,824816.63
BISOPROLOLUM,2022-12,858632.03
BISOPROLOLUM,2023-01,806137.95
BISOPROLOLUM,2023-02,797452.9
BISOPROLOLUM,2023-03,1073767.82
BISOPROLOLUM,2023-04,839680.56
BISOPROLOLUM,2023-05,773834.84
BISOPROLOLUM,2023-06,791075.58
BISOPROLOLUM,2023-07,764028.99
BISOPROLOLUM,2023-08,821073.13
BISOPROLOLUM,2023-09,816397.8
BISOPROLOLUM,2023-10,848648.03
BISOPROLOLUM,2023-11,866863.9500000001
BISOPROLOLUM,2023-12,904030.58
CEFTRIAXONUM,2019-01,1830481.42
CEFTRIAXONUM,2019-02,1362164.4700000002
CEFTRIAXONUM,2019-03,1352177.6099999999
CEFTRIAXONUM,2019-04,1271873.59
CEFTRIAXONUM,2019-05,1209556.75
CEFTRIAXONUM,2019-06,1058044.98
CEFTRIAXONUM,2019-07,1051051.41
CEFTRIAXONUM,2019-08,1043933.3300000001
CEFTRIAXONUM,2019-09,1113081.93
CEFTRIAXONUM,2019-10,1253788.4
CEFTRIAXONUM,2019-11,1298294.35
CEFTRIAXONUM,2019-12,1368252.78
CEFTRIAXONUM,2020-01,1550457.97
CEFTRIAXONUM,2020-02,1598117.36
CEFTRIAXONUM,2020-03,1470411.78
CEFTRIAXONUM,2020-04,731371.29
CEFTRIAXONUM,2020-05,625244.46
CEFTRIAXONUM,2020-06,687332.48
CEFTRIAXONUM,2020-07,799363.75
CEFTRIAXONUM,2020-08,978654.4500000001
CEFTRIAXONUM,2020-09,1247059.97
CEFTRIAXONUM,2020-10,2172749.43
CEFTRIAXONUM,2020-11,2102012.56
CEFTRIAXONUM,2020-12,1676793.31
CEFTRIAXONUM,2021-01,1167077.62
CEFTRIAXONUM,2021-02,954778.41
CEFTRIAXONUM,2021-03,1602493.24
CEFTRIAXONUM,2021-04,1527646.28
CEFTRIAXONUM,2021-05,968391.12
CEFTRIAXONUM,2021-06,777617.35
CEFTRIAXONUM,2021-07,758636.16
CEFTRIAXONUM,2021-08,795605.41
CEFTRIAXONUM,2021-09,1069426.07
CEFTRIAXONUM,2021-10,2122252.84
CEFTRIAXONUM,2021-11,1684097.95
CEFTRIAXONUM,2021-12,1132180.6
CEFTRIAXONUM,2022-01,1236707.35
CEFTRIAXONUM,2022-02,1398893.39
CEFTRIAXONUM,2022-03,716547.69
CEFTRIAXONUM,2022-04,369137.48
CEFTRIAXONUM,2022-05,316924.88
CEFTRIAXONUM,2022-06,281092.86
CEFTRIAXONUM,2022-07,422351.55
CEFTRIAXONUM,2022-08,301059.86
CEFTRIAXONUM,2022-09,336586.83
CEFTRIAXONUM,2022-10,360896.44
CEFTRIAXONUM,2022-11,357015.7
CEFTRIAXONUM,2022-12,451872.61
CEFTRIAXONUM,2023-01,446264.56
CEFTRIAXONUM,2023-02,406560.19
CEFTRIAXONUM,2023-03,447912.18
CEFTRIAXONUM,2023-04,372970.43
CEFTRIAXONUM,2023-05,374904.64
CEFTRIAXONUM,2023-06,361511.26999999996
CEFTRIAXONUM,2023-07,343788.98
CEFTRIAXONUM,2023-08,349208.52999999997
CEFTRIAXONUM,2023-09,349858.46
CEFTRIAXONUM,2023-10,400404.85
CEFTRIAXONUM,2023-11,390320.44
CEFTRIAXONUM,2023-12,446453.17
CITICOLINUM,2019-01,87641.84
CITICOLINUM,2019-02,95111.52
CITICOLINUM,2019-03,104896.57
CITICOLINUM,2019-04,93638.95
CITICOLINUM,2019-05,89135.17
CITICOLINUM,2019-06,80003.31
CITICOLINUM,2019-07,83997.64
CITICOLINUM,2019-08,88788.1
CITICOLINUM,2019-09,95839.23
CITICOLINUM,2019-10,109279.63
CITICOLINUM,2019-11,126404.03
CITICOLINUM,2019-12,126036.69
CITICOLINUM,2020-01,118230.09999999999
CITICOLINUM,2020-02,121817.44
CITICOLINUM,2020-03,99340.73
CITICOLINUM,2020-04,60227.68
CITICOLINUM,2020-05,74511.36
CITICOLINUM,2020-06,82621.77
CITICOLINUM,2020-07,88057.58
CITICOLINUM,2020-08,94050.73
CITICOLINUM,2020-09,96958.7
CITICOLINUM,2020-10,105019.02
CITICOLINUM,2020-11,105024.64
CITICOLINUM,2020-12,107114.9
CITICOLINUM,2021-01,100658.91
CITICOLINUM,2021-02,106752.87
CITICOLINUM,2021-03,124004.56999999999
CITICOLINUM,2021-04,111462.87
CITICOLINUM,2021-05,110558.36
CITICOLINUM,2021-06,113442.83
CITICOLINUM,2021-07,112399.9
CITICOLINUM,2021-08,109724.84
CITICOLINUM,2021-09,118281.71
CITICOLINUM,2021-10,123202.5
CITICOLINUM,2021-11,127100.94
CITICOLINUM,2021-12,124842.54
CITICOLINUM,2022-01,117466.48
CITICOLINUM,2022-02,121449.05
CITICOLINUM,2022-03,73014.52
CITICOLINUM,2022-04,69208.61
CITICOLINUM,2022-05,82189.56
CITICOLINUM,2022-06,77916.16
CITICOLINUM,2022-07,79538.17
CITICOLINUM,2022-08,84630.44
CITICOLINUM,2022-09,90533.43
CITICOLINUM,2022-10,93542.15000000001
CITICOLINUM,2022-11,100519.46
CITICOLINUM,2022-12,100440.17
CITICOLINUM,2023-01,97336.87
CITICOLINUM,2023-02,101187.11
CITICOLINUM,2023-03,121647.89
CITICOLINUM,2023-04,102861.3
CITICOLINUM,2023-05,114000.31
CITICOLINUM,2023-06,103975.12
CITICOLINUM,2023-07,98579.38
CITICOLINUM,2023-08,103249.29
CITICOLINUM,2023-09,106366.48
CITICOLINUM,2023-10,114749.82
CITICOLINUM,2023-11,113917.44
CITICOLINUM,2023-12,108059.48
DICLOFENACUM,2019-01,1275572.57
DICLOFENACUM,2019-02,1226751.36
DICLOFENACUM,2019-03,1401868.51
DICLOFENACUM,2019-04,1398288.04
DICLOFENACUM,2019-05,1421873.31
DICLOFENACUM,2019-06,1358965.96
DICLOFENACUM,2019-07,1417342.61
DICLOFENACUM,2019-08,1441850.45
DICLOFENACUM,2019-09,1428987.68
DICLOFENACUM,2019-10,1481711.91
DICLOFENACUM,2019-11,1446927.23
DICLOFENACUM,2019-12,1465880.97
DICLOFENACUM,2020-01,1481447.92
DICLOFENACUM,2020-02,1393033.48
DICLOFENACUM,2020-03,1359260.81
DICLOFENACUM,2020-04,1083796.56
DICLOFENACUM,2020-05,1167395.67
DICLOFENACUM,2020-06,1249453.5
DICLOFENACUM,2020-07,1222816.67
DICLOFENACUM,2020-08,1230965.54
DICLOFENACUM,2020-09,1256201.57
DICLOFENACUM,2020-10,1278157.1
DICLOFENACUM,2020-11,1215661.66
DICLOFENACUM,2020-12,1193706.99
DICLOFENACUM,2021-01,1173603.97
DICLOFENACUM,2021-02,1107649.49
DICLOFENACUM,2021-03,1198839.39
DICLOFENACUM,2021-04,1245431.76
DICLOFENACUM,2021-05,1281754.76
DICLOFENACUM,2021-06,1293842.45
DICLOFENACUM,2021-07,1186988.69
DICLOFENACUM,2021-08,1192708.68
DICLOFENACUM,2021-09,1186867.1
DICLOFENACUM,2021-10,1216560.99
DICLOFENACUM,2021-11,1109523.22
DICLOFENACUM,2021-12,1097759.78
DICLOFENACUM,2022-01,1140065.98
DICLOFENACUM,2022-02,1219683.9
DICLOFENACUM,2022-03,1144907.9
DICLOFENACUM,2022-04,965604.09
DICLOFENACUM,2022-05,1013625.17
DICLOFENACUM,2022-06,917788.2
DICLOFENACUM,2022-07,984903.72
DICLOFENACUM,2022-08,985796.83
DICLOFENACUM,2022-09,985685.89
DICLOFENACUM,2022-10,1020598.97
DICLOFENACUM,2022-11,895991.5
DICLOFENACUM,2022-12,924975.7
DICLOFENACUM,2023-01,911889.96
DICLOFENACUM,2023-02,875372.64
DICLOFENACUM,2023-03,1133342.14
DICLOFENACUM,2023-04,1005085.96
DICLOFENACUM,2023-05,999957.08
DICLOFENACUM,2023-06,985620.75
DICLOFENACUM,2023-07,969364.99
DICLOFENACUM,2023-08,1001434.73
DICLOFENACUM,2023-09,1015328.4
DICLOFENACUM,2023-10,998967.96
DICLOFENACUM,2023-11,925575.15
DICLOFENACUM,2023-12,945639.45
FLUCONAZOLUM,2019-01,525976.51
FLUCONAZOLUM,2019-02,477635.06
FLUCONAZOLUM,2019-03,493910.49
FLUCONAZOLUM,2019-04,460497.26
FLUCONAZOLUM,2019-05,480184.69
FLUCONAZOLUM,2019-06,483682.44
FLUCONAZOLUM,2019-07,524601.09
FLUCONAZOLUM,2019-08,537163.1799999999
FLUCONAZOLUM,2019-09,516668.07
FLUCONAZOLUM,2019-10,541401.78
FLUCONAZOLUM,2019-11,532614.54
FLUCONAZOLUM,2019-12,547053.91
FLUCONAZOLUM,2020-01,602897.37
FLUCONAZOLUM,2020-02,564376.25
FLUCONAZOLUM,2020-03,511684.53
FLUCONAZOLUM,2020-04,350199.92
FLUCONAZOLUM,2020-05,355697.88
FLUCONAZOLUM,2020-06,379150.36
FLUCONAZOLUM,2020-07,456224.9
FLUCONAZOLUM,2020-08,488200.8
FLUCONAZOLUM,2020-09,514190.81
FLUCONAZOLUM,2020-10,591218.53
FLUCONAZOLUM,2020-11,561665.9
FLUCONAZOLUM,2020-12,536296.1
FLUCONAZOLUM,2021-01,501787.07
FLUCONAZOLUM,2021-02,443169.88
FLUCONAZOLUM,2021-03,519395.48
FLUCONAZOLUM,2021-04,508413.54
FLUCONAZOLUM,2021-05,466082.59
FLUCONAZOLUM,2021-06,456390.14
FLUCONAZOLUM,2021-07,493620.47
FLUCONAZOLUM,2021-08,515298.78
FLUCONAZOLUM,2021-09,503966.92
FLUCONAZOLUM,2021-10,575684.74
FLUCONAZOLUM,2021-11,560086.27
FLUCONAZOLUM,2021-12,501994.3
FLUCONAZOLUM,2022-01,503120.56
FLUCONAZOLUM,2022-02,491219.73
FLUCONAZOLUM,2022-03,335806.54
FLUCONAZOLUM,2022-04,254081.85
FLUCONAZOLUM,2022-05,292571.49
FLUCONAZOLUM,2022-06,306049.54000000004
FLUCONAZOLUM,2022-07,356155.77
FLUCONAZOLUM,2022-08,384594.93
FLUCONAZOLUM,2022-09,368121.05
FLUCONAZOLUM,2022-10,369656.08
FLUCONAZOLUM,2022-11,356846.14
FLUCONAZOLUM,2022-12,367834.85
FLUCONAZOLUM,2023-01,378270.95
FLUCONAZOLUM,2023-02,355329.69
FLUCONAZOLUM,2023-03,392074.25
FLUCONAZOLUM,2023-04,362590.64
FLUCONAZOLUM,2023-05,374762.9
FLUCONAZOLUM,2023-06,381750.44
FLUCONAZOLUM,2023-07,414536.49
FLUCONAZOLUM,2023-08,425814.67
FLUCONAZOLUM,2023-09,396005.92
FLUCONAZOLUM,2023-10,390398.25
FLUCONAZOLUM,2023-11,374349.52
FLUCONAZOLUM,2023-12,384338.6
IBUPROFENUM,2019-01,1165103.44
IBUPROFENUM,2019-02,960597.99
IBUPROFENUM,2019-03,996470.96
IBUPROFENUM,2019-04,947113.84
IBUPROFENUM,2019-05,906966.59
IBUPROFENUM,2019-06,917329.62
IBUPROFENUM,2019-07,928713.87
IBUPROFENUM,2019-08,985293.0700000001
IBUPROFENUM,2019-09,1073202.41
IBUPROFENUM,2019-10,1093458.6199999999
IBUPROFENUM,2019-11,1080988.52
IBUPROFENUM,2019-12,1188153.07
IBUPROFENUM,2020-01,1279548.99
IBUPROFENUM,2020-02,1276275.66
IBUPROFENUM,2020-03,1524693.03
IBUPROFENUM,2020-04,547855.44
IBUPROFENUM,2020-05,556310.23
IBUPROFENUM,2020-06,605015.63
IBUPROFENUM,2020-07,723386.09
IBUPROFENUM,2020-08,853737.27
IBUPROFENUM,2020-09,947284.04
IBUPROFENUM,2020-10,1035099.49
IBUPROFENUM,2020-11,1005998.74
IBUPROFENUM,2020-12,968172.9500000001
IBUPROFENUM,2021-01,868235.87
IBUPROFENUM,2021-02,859551.2
IBUPROFENUM,2021-03,1097286.8
IBUPROFENUM,2021-04,959601.53
IBUPROFENUM,2021-05,977002.7
IBUPROFENUM,2021-06,982295.88
IBUPROFENUM,2021-07,1038263.33
IBUPROFENUM,2021-08,1171744.26
IBUPROFENUM,2021-09,1315762.2
IBUPROFENUM,2021-10,1519248.85
IBUPROFENUM,2021-11,1222229.41
IBUPROFENUM,2021-12,1180398.82
IBUPROFENUM,2022-01,1597138.83
IBUPROFENUM,2022-02,1989211.91
IBUPROFENUM,2022-03,1120830.62
IBUPROFENUM,2022-04,630279.34
IBUPROFENUM,2022-05,623140.78
IBUPROFENUM,2022-06,596720.18
IBUPROFENUM,2022-07,697837.67
IBUPROFENUM,2022-08,803681.26
IBUPROFENUM,2022-09,1026957.9
IBUPROFENUM,2022-10,1012375.38
IBUPROFENUM,2022-11,1018514.13
IBUPROFENUM,2022-12,1262022.68
IBUPROFENUM,2023-01,1076574.2
IBUPROFENUM,2023-02,1005776.85
IBUPROFENUM,2023-03,1198717.51
IBUPROFENUM,2023-04,1018077.39
IBUPROFENUM,2023-05,976304.5
IBUPROFENUM,2023-06,949848.6
IBUPROFENUM,2023-07,960811.3300000001
IBUPROFENUM,2023-08,1097544.13
IBUPROFENUM,2023-09,1263237.14
IBUPROFENUM,2023-10,1290590.23
IBUPROFENUM,2023-11,1216521.53
IBUPROFENUM,2023-12,1361088.73
LEVOFLOXACINUM,2019-01,379774.46
LEVOFLOXACINUM,2019-02,315920.13
LEVOFLOXACINUM,2019-03,318141.41
LEVOFLOXACINUM,2019-04,289422.16
LEVOFLOXACINUM,2019-05,282711.8
LEVOFLOXACINUM,2019-06,262289.89
LEVOFLOXACINUM,2019-07,279919.39999999997
LEVOFLOXACINUM,2019-08,286293.42
LEVOFLOXACINUM,2019-09,284260.45
LEVOFLOXACINUM,2019-10,314939.71
LEVOFLOXACINUM,2019-11,334627.77
LEVOFLOXACINUM,2019-12,349565.77
LEVOFLOXACINUM,2020-01,398849.36
LEVOFLOXACINUM,2020-02,431724.52
LEVOFLOXACINUM,2020-03,371635.17
LEVOFLOXACINUM,2020-04,203974.05
LEVOFLOXACINUM,2020-05,186714.02
LEVOFLOXACINUM,2020-06,209602.27
LEVOFLOXACINUM,2020-07,254133.53
LEVOFLOXACINUM,2020-08,328088.46
LEVOFLOXACINUM,2020-09,434984.94
LEVOFLOXACINUM,2020-10,843509.74
LEVOFLOXACINUM,2020-11,841072.13
LEVOFLOXACINUM,2020-12,643195.73
LEVOFLOXACINUM,2021-01,409363.47
LEVOFLOXACINUM,2021-02,307411.73
LEVOFLOXACINUM,2021-03,528987.36
LEVOFLOXACINUM,2021-04,538583.7
LEVOFLOXACINUM,2021-05,336434.46
LEVOFLOXACINUM,2021-06,257752.26
LEVOFLOXACINUM,2021-07,245879.44999999998
LEVOFLOXACINUM,2021-08,257573.83
LEVOFLOXACINUM,2021-09,338672.9
LEVOFLOXACINUM,2021-10,721125.2
LEVOFLOXACINUM,2021-11,622269.32
LEVOFLOXACINUM,2021-12,385016.52999999997
LEVOFLOXACINUM,2022-01,374702.71
LEVOFLOXACINUM,2022-02,419526.5
LEVOFLOXACINUM,2022-03,201748.61
LEVOFLOXACINUM,2022-04,107229.22
LEVOFLOXACINUM,2022-05,100957.81
LEVOFLOXACINUM,2022-06,96336.61
LEVOFLOXACINUM,2022-07,138611.91
LEVOFLOXACINUM,2022-08,110640.86
LEVOFLOXACINUM,2022-09,123807.54000000001
LEVOFLOXACINUM,2022-10,135156.21
LEVOFLOXACINUM,2022-11,127521.59
LEVOFLOXACINUM,2022-12,147311.59
LEVOFLOXACINUM,2023-01,152835.99
LEVOFLOXACINUM,2023-02,143258.42
LEVOFLOXACINUM,2023-03,157076.1
LEVOFLOXACINUM,2023-04,131558.79
LEVOFLOXACINUM,2023-05,134759.17
LEVOFLOXACINUM,2023-06,129328.79000000001
LEVOFLOXACINUM,2023-07,125734.12
LEVOFLOXACINUM,2023-08,121826.0
LEVOFLOXACINUM,2023-09,121077.77
LEVOFLOXACINUM,2023-10,135527.61
LEVOFLOXACINUM,2023-11,133006.02
LEVOFLOXACINUM,2023-12,136848.75
MELOXICAMUM,2019-01,269406.16000000003
MELOXICAMUM,2019-02,277649.7
MELOXICAMUM,2019-03,316593.75
MELOXICAMUM,2019-04,295609.31
MELOXICAMUM,2019-05,289847.98
MELOXICAMUM,2019-06,262424.12
MELOXICAMUM,2019-07,290324.59
MELOXICAMUM,2019-08,298023.87
MELOXICAMUM,2019-09,297714.16
MELOXICAMUM,2019-10,321388.64
MELOXICAMUM,2019-11,341427.27
MELOXICAMUM,2019-12,336556.93
MELOXICAMUM,2020-01,332174.02
MELOXICAMUM,2020-02,323211.34
MELOXICAMUM,2020-03,273314.95
MELOXICAMUM,2020-04,197201.83
MELOXICAMUM,2020-05,236154.49
MELOXICAMUM,2020-06,254823.0
MELOXICAMUM,2020-07,272466.26
MELOXICAMUM,2020-08,285850.33
MELOXICAMUM,2020-09,286703.64
MELOXICAMUM,2020-10,295449.52999999997
MELOXICAMUM,2020-11,294329.22000000003
MELOXICAMUM,2020-12,297379.65
MELOXICAMUM,2021-01,294670.87
MELOXICAMUM,2021-02,295843.53
MELOXICAMUM,2021-03,335290.84
MELOXICAMUM,2021-04,312103.6
MELOXICAMUM,2021-05,318068.5
MELOXICAMUM,2021-06,307789.49
MELOXICAMUM,2021-07,294555.24
MELOXICAMUM,2021-08,294773.38
MELOXICAMUM,2021-09,306112.56
MELOXICAMUM,2021-10,323188.09
MELOXICAMUM,2021-11,308155.05
MELOXICAMUM,2021-12,300840.11
MELOXICAMUM,2022-01,302588.68
MELOXICAMUM,2022-02,310081.36
MELOXICAMUM,2022-03,269588.13
MELOXICAMUM,2022-04,217195.22
MELOXICAMUM,2022-05,240330.12
MELOXICAMUM,2022-06,224375.07
MELOXICAMUM,2022-07,235947.58
MELOXICAMUM,2022-08,242600.7
MELOXICAMUM,2022-09,249120.33000000002
MELOXICAMUM,2022-10,264042.5
MELOXICAMUM,2022-11,273121.64
MELOXICAMUM,2022-12,266957.54
MELOXICAMUM,2023-01,267237.81
MELOXICAMUM,2023-02,264248.7
MELOXICAMUM,2023-03,331780.89999999997
MELOXICAMUM,2023-04,285141.43
MELOXICAMUM,2023-05,314265.4
MELOXICAMUM,2023-06,295221.91
MELOXICAMUM,2023-07,281994.07
MELOXICAMUM,2023-08,294509.5
MELOXICAMUM,2023-09,290229.35
MELOXICAMUM,2023-10,298671.07
MELOXICAMUM,2023-11,284460.3
MELOXICAMUM,2023-12,275479.43
METFORMINUM,2019-01,462865.79
METFORMINUM,2019-02,519267.91
METFORMINUM,2019-03,501054.07
METFORMINUM,2019-04,526294.8
METFORMINUM,2019-05,612213.93
METFORMINUM,2019-06,581429.35
METFORMINUM,2019-07,626905.12
METFORMINUM,2019-08,641134.43
METFORMINUM,2019-09,649451.56
METFORMINUM,2019-10,724359.66
METFORMINUM,2019-11,758512.16
METFORMINUM,2019-12,809177.35
METFORMINUM,2020-01,776844.68
METFORMINUM,2020-02,791521.15
METFORMINUM,2020-03,802208.96
METFORMINUM,2020-04,551020.03
METFORMINUM,2020-05,605824.27
METFORMINUM,2020-06,637548.03
METFORMINUM,2020-07,667568.92
METFORMINUM,2020-08,660174.02
METFORMINUM,2020-09,706979.37
METFORMINUM,2020-10,739104.49
METFORMINUM,2020-11,741485.25
METFORMINUM,2020-12,829640.62
METFORMINUM,2021-01,749277.2
METFORMINUM,2021-02,764220.96
METFORMINUM,2021-03,829968.52
METFORMINUM,2021-04,756999.51
METFORMINUM,2021-05,727518.2
METFORMINUM,2021-06,768666.01
METFORMINUM,2021-07,750619.86
METFORMINUM,2021-08,712885.0700000001
METFORMINUM,2021-09,763519.43
METFORMINUM,2021-10,756427.0700000001
METFORMINUM,2021-11,765567.22
METFORMINUM,2021-12,798669.9199999999
METFORMINUM,2022-01,728502.84
METFORMINUM,2022-02,873806.4299999999
METFORMINUM,2022-03,849043.05
METFORMINUM,2022-04,554325.8
METFORMINUM,2022-05,607780.09
METFORMINUM,2022-06,549124.44
METFORMINUM,2022-07,548113.72
METFORMINUM,2022-08,553876.63
METFORMINUM,2022-09,583135.42
METFORMINUM,2022-10,607227.77
METFORMINUM,2022-11,643584.34
METFORMINUM,2022-12,682705.4400000001
METFORMINUM,2023-01,615474.3099999999
METFORMINUM,2023-02,604719.11
METFORMINUM,2023-03,701586.57
METFORMINUM,2023-04,602857.87
METFORMINUM,2023-05,622841.91
METFORMINUM,2023-06,655062.1699999999
METFORMINUM,2023-07,633061.11
METFORMINUM,2023-08,656271.11
METFORMINUM,2023-09,651270.32
METFORMINUM,2023-10,649189.88
METFORMINUM,2023-11,664566.0800000001
METFORMINUM,2023-12,683449.51
PANTOPRAZOLUM,2019-01,306074.97
PANTOPRAZOLUM,2019-02,303056.62
PANTOPRAZOLUM,2019-03,327458.76
PANTOPRAZOLUM,2019-04,307568.79000000004
PANTOPRAZOLUM,2019-05,291597.5
PANTOPRAZOLUM,2019-06,261488.06
PANTOPRAZOLUM,2019-07,298349.96
PANTOPRAZOLUM,2019-08,308495.7
PANTOPRAZOLUM,2019-09,323293.28
PANTOPRAZOLUM,2019-10,361990.98
PANTOPRAZOLUM,2019-11,388613.14
PANTOPRAZOLUM,2019-12,421076.21
PANTOPRAZOLUM,2020-01,420229.25
PANTOPRAZOLUM,2020-02,414772.37
PANTOPRAZOLUM,2020-03,364223.36
PANTOPRAZOLUM,2020-04,248969.95
PANTOPRAZOLUM,2020-05,274338.38
PANTOPRAZOLUM,2020-06,278098.96
PANTOPRAZOLUM,2020-07,295810.89
PANTOPRAZOLUM,2020-08,307617.33999999997
PANTOPRAZOLUM,2020-09,315775.19
PANTOPRAZOLUM,2020-10,359987.08
PANTOPRAZOLUM,2020-11,377460.45
PANTOPRAZOLUM,2020-12,397875.51
PANTOPRAZOLUM,2021-01,393297.04
PANTOPRAZOLUM,2021-02,382356.91
PANTOPRAZOLUM,2021-03,436768.86
PANTOPRAZOLUM,2021-04,425447.85
PANTOPRAZOLUM,2021-05,382430.58999999997
PANTOPRAZOLUM,2021-06,353757.97000000003
PANTOPRAZOLUM,2021-07,347754.43
PANTOPRAZOLUM,2021-08,356864.93
PANTOPRAZOLUM,2021-09,390732.0
PANTOPRAZOLUM,2021-10,460241.26
PANTOPRAZOLUM,2021-11,475927.65
PANTOPRAZOLUM,2021-12,471750.69
PANTOPRAZOLUM,2022-01,468803.63
PANTOPRAZOLUM,2022-02,487649.15
PANTOPRAZOLUM,2022-03,337180.73
PANTOPRAZOLUM,2022-04,243037.23
PANTOPRAZOLUM,2022-05,240794.81
PANTOPRAZOLUM,2022-06,227157.83
PANTOPRAZOLUM,2022-07,255191.88
PANTOPRAZOLUM,2022-08,268297.27
PANTOPRAZOLUM,2022-09,290751.89
PANTOPRAZOLUM,2022-10,317334.67
PANTOPRAZOLUM,2022-11,335469.7
PANTOPRAZOLUM,2022-12,357795.3
PANTOPRAZOLUM,2023-01,351266.55
PANTOPRAZOLUM,2023-02,344643.33
PANTOPRAZOLUM,2023-03,394806.92
PANTOPRAZOLUM,2023-04,346481.32
PANTOPRAZOLUM,2023-05,348708.53
PANTOPRAZOLUM,2023-06,347964.32
PANTOPRAZOLUM,2023-07,342195.08999999997
PANTOPRAZOLUM,2023-08,353127.06
PANTOPRAZOLUM,2023-09,366711.44
PANTOPRAZOLUM,2023-10,403927.04
PANTOPRAZOLUM,2023-11,405226.05
PANTOPRAZOLUM,2023-12,416796.11
PARACETAMOLUM,2019-01,1426818.2000000002
PARACETAMOLUM,2019-02,1016678.3999999999
PARACETAMOLUM,2019-03,978812.46
PARACETAMOLUM,2019-04,882318.62
PARACETAMOLUM,2019-05,807223.17
PARACETAMOLUM,2019-06,766232.36
PARACETAMOLUM,2019-07,785108.8400000001
PARACETAMOLUM,2019-08,831360.69
PARACETAMOLUM,2019-09,1094458.73
PARACETAMOLUM,2019-10,1204945.01
PARACETAMOLUM,2019-11,1093424.13
PARACETAMOLUM,2019-12,1250004.28
PARACETAMOLUM,2020-01,1386451.1
PARACETAMOLUM,2020-02,1442647.5899999999
PARACETAMOLUM,2020-03,4367291.41
PARACETAMOLUM,2020-04,1609175.95
PARACETAMOLUM,2020-05,694066.62
PARACETAMOLUM,2020-06,672067.13
PARACETAMOLUM,2020-07,771370.13
PARACETAMOLUM,2020-08,1167469.29
PARACETAMOLUM,2020-09,1677485.8499999999
PARACETAMOLUM,2020-10,2271583.1500000004
PARACETAMOLUM,2020-11,2015349.82
PARACETAMOLUM,2020-12,1583615.71
PARACETAMOLUM,2021-01,1025836.23
PARACETAMOLUM,2021-02,970106.81
PARACETAMOLUM,2021-03,1602571.14
PARACETAMOLUM,2021-04,1373970.32
PARACETAMOLUM,2021-05,1043523.9
PARACETAMOLUM,2021-06,872577.92
PARACETAMOLUM,2021-07,905767.95
PARACETAMOLUM,2021-08,1177016.37
PARACETAMOLUM,2021-09,1711757.08
PARACETAMOLUM,2021-10,2435977.5
PARACETAMOLUM,2021-11,1821661.78
PARACETAMOLUM,2021-12,1410750.88
PARACETAMOLUM,2022-01,2147546.7
PARACETAMOLUM,2022-02,2813407.06
PARACETAMOLUM,2022-03,1325651.59
PARACETAMOLUM,2022-04,561563.4
PARACETAMOLUM,2022-05,487825.87
PARACETAMOLUM,2022-06,435196.32
PARACETAMOLUM,2022-07,570961.65
PARACETAMOLUM,2022-08,717396.5499999999
PARACETAMOLUM,2022-09,1188161.1500000001
PARACETAMOLUM,2022-10,1147398.95
PARACETAMOLUM,2022-11,1011719.3099999999
PARACETAMOLUM,2022-12,1333540.42
PARACETAMOLUM,2023-01,1071135.93
PARACETAMOLUM,2023-02,1050410.5999999999
PARACETAMOLUM,2023-03,1208030.97
PARACETAMOLUM,2023-04,944425.42
PARACETAMOLUM,2023-05,767703.3
PARACETAMOLUM,2023-06,716607.5
PARACETAMOLUM,2023-07,692972.73
PARACETAMOLUM,2023-08,758921.5499999999
PARACETAMOLUM,2023-09,1080276.26
PARACETAMOLUM,2023-10,1245216.9
PARACETAMOLUM,2023-11,1173684.1800000002
PARACETAMOLUM,2023-12,1306038.69
PREGABALINUM,2019-01,101382.56
PREGABALINUM,2019-02,96034.17
PREGABALINUM,2019-03,105909.44
PREGABALINUM,2019-04,101029.54
PREGABALINUM,2019-05,83445.59
PREGABALINUM,2019-06,83174.39
PREGABALINUM,2019-07,89095.97
PREGABALINUM,2019-08,90172.79
PREGABALINUM,2019-09,87461.5
PREGABALINUM,2019-10,93810.69
PREGABALINUM,2019-11,97272.64
PREGABALINUM,2019-12,104100.85
PREGABALINUM,2020-01,103296.06
PREGABALINUM,2020-02,97051.47
PREGABALINUM,2020-03,91439.72
PREGABALINUM,2020-04,69709.66
PREGABALINUM,2020-05,78274.31999999999
PREGABALINUM,2020-06,84547.12
PREGABALINUM,2020-07,94937.4
PREGABALINUM,2020-08,101933.7
PREGABALINUM,2020-09,102270.99
PREGABALINUM,2020-10,106636.81
PREGABALINUM,2020-11,106825.26000000001
PREGABALINUM,2020-12,112373.19
PREGABALINUM,2021-01,116998.63
PREGABALINUM,2021-02,111193.76
PREGABALINUM,2021-03,125388.15999999999
PREGABALINUM,2021-04,117298.92
PREGABALINUM,2021-05,120008.73
PREGABALINUM,2021-06,118864.44
PREGABALINUM,2021-07,124099.71
PREGABALINUM,2021-08,128519.91
PREGABALINUM,2021-09,125389.35
PREGABALINUM,2021-10,129314.61
PREGABALINUM,2021-11,127532.73
PREGABALINUM,2021-12,129995.4
PREGABALINUM,2022-01,134582.35
PREGABALINUM,2022-02,136614.12
PREGABALINUM,2022-03,137409.53
PREGABALINUM,2022-04,114299.44
PREGABALINUM,2022-05,123978.63
PREGABALINUM,2022-06,124256.25
PREGABALINUM,2022-07,140280.62
PREGABALINUM,2022-08,149476.42
PREGABALINUM,2022-09,156241.12
PREGABALINUM,2022-10,166442.62
PREGABALINUM,2022-11,167462.24
PREGABALINUM,2022-12,178375.32
PREGABALINUM,2023-01,173795.18
PREGABALINUM,2023-02,176349.53
PREGABALINUM,2023-03,209548.37
PREGABALINUM,2023-04,194297.77
PREGABALINUM,2023-05,213867.51
PREGABALINUM,2023-06,221604.45
PREGABALINUM,2023-07,224144.86
PREGABALINUM,2023-08,233679.29
PREGABALINUM,2023-09,236603.07
PREGABALINUM,2023-10,247736.24
PREGABALINUM,2023-11,249905.04
PREGABALINUM,2023-12,265617.93
ROSUVASTATINUM,2019-01,124144.36
ROSUVASTATINUM,2019-02,129485.88
ROSUVASTATINUM,2019-03,145287.9
ROSUVASTATINUM,2019-04,139747.66
ROSUVASTATINUM,2019-05,135398.85
ROSUVASTATINUM,2019-06,133151.41
ROSUVASTATINUM,2019-07,142407.73
ROSUVASTATINUM,2019-08,142097.79
ROSUVASTATINUM,2019-09,149728.57
ROSUVASTATINUM,2019-10,168372.84
ROSUVASTATINUM,2019-11,185862.1
ROSUVASTATINUM,2019-12,201093.04
ROSUVASTATINUM,2020-01,199872.61
ROSUVASTATINUM,2020-02,196636.19
ROSUVASTATINUM,2020-03,206553.03
ROSUVASTATINUM,2020-04,126006.65
ROSUVASTATINUM,2020-05,139474.06
ROSUVASTATINUM,2020-06,146233.51
ROSUVASTATINUM,2020-07,154540.91
ROSUVASTATINUM,2020-08,163622.14
ROSUVASTATINUM,2020-09,168895.98
ROSUVASTATINUM,2020-10,183546.62
ROSUVASTATINUM,2020-11,188939.67
ROSUVASTATINUM,2020-12,205376.82
ROSUVASTATINUM,2021-01,200564.23
ROSUVASTATINUM,2021-02,203450.61
ROSUVASTATINUM,2021-03,229740.53
ROSUVASTATINUM,2021-04,221180.5
ROSUVASTATINUM,2021-05,222780.87
ROSUVASTATINUM,2021-06,225072.48
ROSUVASTATINUM,2021-07,224816.49
ROSUVASTATINUM,2021-08,222706.37
ROSUVASTATINUM,2021-09,232648.31
ROSUVASTATINUM,2021-10,259000.14
ROSUVASTATINUM,2021-11,267631.93
ROSUVASTATINUM,2021-12,279359.59
ROSUVASTATINUM,2022-01,285653.08
ROSUVASTATINUM,2022-02,321655.54
ROSUVASTATINUM,2022-03,265087.69
ROSUVASTATINUM,2022-04,170943.18
ROSUVASTATINUM,2022-05,181838.21
ROSUVASTATINUM,2022-06,175367.31
ROSUVASTATINUM,2022-07,197608.0
ROSUVASTATINUM,2022-08,209588.9
ROSUVASTATINUM,2022-09,218653.1
ROSUVASTATINUM,2022-10,245852.62
ROSUVASTATINUM,2022-11,261053.96
ROSUVASTATINUM,2022-12,271836.14
ROSUVASTATINUM,2023-01,265729.87
ROSUVASTATINUM,2023-02,266904.62
ROSUVASTATINUM,2023-03,332184.9
ROSUVASTATINUM,2023-04,278180.77
ROSUVASTATINUM,2023-05,296570.11
ROSUVASTATINUM,2023-06,280450.6
ROSUVASTATINUM,2023-07,269839.05
ROSUVASTATINUM,2023-08,281806.53
ROSUVASTATINUM,2023-09,280770.32
ROSUVASTATINUM,2023-10,301715.96
ROSUVASTATINUM,2023-11,311602.34
ROSUVASTATINUM,2023-12,328783.63
SILDENAFILUM,2019-01,212159.07
SILDENAFILUM,2019-02,201039.81
SILDENAFILUM,2019-03,216493.26
SILDENAFILUM,2019-04,208950.01
SILDENAFILUM,2019-05,205477.61
SILDENAFILUM,2019-06,209052.27
SILDENAFILUM,2019-07,216246.93
SILDENAFILUM,2019-08,237707.18
SILDENAFILUM,2019-09,238816.38
SILDENAFILUM,2019-10,253267.91
SILDENAFILUM,2019-11,261064.69
SILDENAFILUM,2019-12,281623.05
SILDENAFILUM,2020-01,265999.56
SILDENAFILUM,2020-02,240531.57
SILDENAFILUM,2020-03,205696.87
SILDENAFILUM,2020-04,156537.22
SILDENAFILUM,2020-05,188182.72
SILDENAFILUM,2020-06,194462.1
SILDENAFILUM,2020-07,223595.13
SILDENAFILUM,2020-08,239076.17
SILDENAFILUM,2020-09,227770.79
SILDENAFILUM,2020-10,230049.67
SILDENAFILUM,2020-11,227284.88
SILDENAFILUM,2020-12,239708.46
SILDENAFILUM,2021-01,240464.93
SILDENAFILUM,2021-02,211115.88
SILDENAFILUM,2021-03,214501.64
SILDENAFILUM,2021-04,195525.78
SILDENAFILUM,2021-05,214997.41
SILDENAFILUM,2021-06,217207.16999999998
SILDENAFILUM,2021-07,235381.13
SILDENAFILUM,2021-08,247734.67
SILDENAFILUM,2021-09,234678.82
SILDENAFILUM,2021-10,247433.38
SILDENAFILUM,2021-11,227113.25
SILDENAFILUM,2021-12,248571.89
SILDENAFILUM,2022-01,229363.13
SILDENAFILUM,2022-02,184728.11
SILDENAFILUM,2022-03,107196.29000000001
SILDENAFILUM,2022-04,122866.72
SILDENAFILUM,2022-05,145056.59
SILDENAFILUM,2022-06,152703.95
SILDENAFILUM,2022-07,181207.04
SILDENAFILUM,2022-08,183755.8
SILDENAFILUM,2022-09,189723.4
SILDENAFILUM,2022-10,200984.21
SILDENAFILUM,2022-11,196168.46
SILDENAFILUM,2022-12,216367.56
SILDENAFILUM,2023-01,200153.35
SILDENAFILUM,2023-02,187711.42
SILDENAFILUM,2023-03,203411.46
SILDENAFILUM,2023-04,200735.52
SILDENAFILUM,2023-05,205795.22
SILDENAFILUM,2023-06,219296.85
SILDENAFILUM,2023-07,230881.89
SILDENAFILUM,2023-08,232316.43
SILDENAFILUM,2023-09,229197.80000000002
SILDENAFILUM,2023-10,228379.15
SILDENAFILUM,2023-11,212619.05
SILDENAFILUM,2023-12,235493.97
